order_detail_id,order_id,customer_id,product_id,category_id,order_date,order_year,ship_country,ship_city,unit_price,quantity,discount,line_amount,exchange_rate_to_sek,line_amount_sek
10248-11,10248,VINET,11,4,1996-07-04,1996,France,Reims,14.0,12,0.0,168.0,6.87,1154.16
10248-42,10248,VINET,42,5,1996-07-04,1996,France,Reims,9.8,10,0.0,98.0,6.87,673.26
10248-72,10248,VINET,72,4,1996-07-04,1996,France,Reims,34.8,5,0.0,174.0,6.87,1195.38
10249-14,10249,TOMSP,14,7,1996-07-05,1996,Germany,Münster,18.6,9,0.0,167.4,6.87,1150.038
10249-51,10249,TOMSP,51,7,1996-07-05,1996,Germany,Münster,42.4,40,0.0,1696.0,6.87,11651.52
10250-41,10250,HANAR,41,8,1996-07-08,1996,Brazil,Rio de Janeiro,7.7,10,0.0,77.0,6.87,528.99
10250-51,10250,HANAR,51,7,1996-07-08,1996,Brazil,Rio de Janeiro,42.4,35,0.15,1261.3999999999999,6.87,8665.818
10250-65,10250,HANAR,65,2,1996-07-08,1996,Brazil,Rio de Janeiro,16.8,15,0.15,214.2,6.87,1471.5539999999999
10251-22,10251,VICTE,22,5,1996-07-08,1996,France,Lyon,16.8,6,0.05,95.76,6.87,657.8712
10251-57,10251,VICTE,57,5,1996-07-08,1996,France,Lyon,15.6,15,0.05,222.29999999999998,6.87,1527.2009999999998
10251-65,10251,VICTE,65,2,1996-07-08,1996,France,Lyon,16.8,20,0.0,336.0,6.87,2308.32
10252-20,10252,SUPRD,20,3,1996-07-09,1996,Belgium,Charleroi,64.8,40,0.05,2462.4,6.87,16916.688000000002
10252-33,10252,SUPRD,33,4,1996-07-09,1996,Belgium,Charleroi,2.0,25,0.05,47.5,6.87,326.325
10252-60,10252,SUPRD,60,4,1996-07-09,1996,Belgium,Charleroi,27.2,40,0.0,1088.0,6.87,7474.56
10253-31,10253,HANAR,31,4,1996-07-10,1996,Brazil,Rio de Janeiro,10.0,20,0.0,200.0,6.87,1374.0
10253-39,10253,HANAR,39,1,1996-07-10,1996,Brazil,Rio de Janeiro,14.4,42,0.0,604.8000000000001,6.87,4154.976000000001
10253-49,10253,HANAR,49,3,1996-07-10,1996,Brazil,Rio de Janeiro,16.0,40,0.0,640.0,6.87,4396.8
10254-24,10254,CHOPS,24,1,1996-07-11,1996,Switzerland,Bern,3.6,15,0.15,45.9,6.87,315.33299999999997
10254-55,10254,CHOPS,55,6,1996-07-11,1996,Switzerland,Bern,19.2,21,0.15,342.71999999999997,6.87,2354.4864
10254-74,10254,CHOPS,74,7,1996-07-11,1996,Switzerland,Bern,8.0,21,0.0,168.0,6.87,1154.16
10255-2,10255,RICSU,2,1,1996-07-12,1996,Switzerland,Genève,15.2,20,0.0,304.0,6.87,2088.48
10255-16,10255,RICSU,16,3,1996-07-12,1996,Switzerland,Genève,13.9,35,0.0,486.5,6.87,3342.255
10255-36,10255,RICSU,36,8,1996-07-12,1996,Switzerland,Genève,15.2,25,0.0,380.0,6.87,2610.6
10255-59,10255,RICSU,59,4,1996-07-12,1996,Switzerland,Genève,44.0,30,0.0,1320.0,6.87,9068.4
10256-53,10256,WELLI,53,6,1996-07-15,1996,Brazil,Resende,26.2,15,0.0,393.0,6.87,2699.91
10256-77,10256,WELLI,77,2,1996-07-15,1996,Brazil,Resende,10.4,12,0.0,124.80000000000001,6.87,857.3760000000001
10257-27,10257,HILAA,27,3,1996-07-16,1996,Venezuela,San Cristóbal,35.1,25,0.0,877.5,6.87,6028.425
10257-39,10257,HILAA,39,1,1996-07-16,1996,Venezuela,San Cristóbal,14.4,6,0.0,86.4,6.87,593.5680000000001
10257-77,10257,HILAA,77,2,1996-07-16,1996,Venezuela,San Cristóbal,10.4,15,0.0,156.0,6.87,1071.72
10258-2,10258,ERNSH,2,1,1996-07-17,1996,Austria,Graz,15.2,50,0.2,608.0,6.87,4176.96
10258-5,10258,ERNSH,5,2,1996-07-17,1996,Austria,Graz,17.0,65,0.2,884.0,6.87,6073.08
10258-32,10258,ERNSH,32,4,1996-07-17,1996,Austria,Graz,25.6,6,0.2,122.88000000000002,6.87,844.1856000000001
10259-21,10259,CENTC,21,3,1996-07-18,1996,Mexico,México D.F.,8.0,10,0.0,80.0,6.87,549.6
10259-37,10259,CENTC,37,8,1996-07-18,1996,Mexico,México D.F.,20.8,1,0.0,20.8,6.87,142.89600000000002
10260-41,10260,OTTIK,41,8,1996-07-19,1996,Germany,Köln,7.7,16,0.25,92.4,6.87,634.788
10260-57,10260,OTTIK,57,5,1996-07-19,1996,Germany,Köln,15.6,50,0.0,780.0,6.87,5358.6
10260-62,10260,OTTIK,62,3,1996-07-19,1996,Germany,Köln,39.4,15,0.25,443.25,6.87,3045.1275
10260-70,10260,OTTIK,70,1,1996-07-19,1996,Germany,Köln,12.0,21,0.25,189.0,6.87,1298.43
10261-21,10261,QUEDE,21,3,1996-07-19,1996,Brazil,Rio de Janeiro,8.0,20,0.0,160.0,6.87,1099.2
10261-35,10261,QUEDE,35,1,1996-07-19,1996,Brazil,Rio de Janeiro,14.4,20,0.0,288.0,6.87,1978.56
10262-5,10262,RATTC,5,2,1996-07-22,1996,USA,Albuquerque,17.0,12,0.2,163.20000000000002,6.87,1121.1840000000002
10262-7,10262,RATTC,7,7,1996-07-22,1996,USA,Albuquerque,24.0,15,0.0,360.0,6.87,2473.2
10262-56,10262,RATTC,56,5,1996-07-22,1996,USA,Albuquerque,30.4,2,0.0,60.8,6.87,417.69599999999997
10263-16,10263,ERNSH,16,3,1996-07-23,1996,Austria,Graz,13.9,60,0.25,625.5,6.87,4297.185
10263-24,10263,ERNSH,24,1,1996-07-23,1996,Austria,Graz,3.6,28,0.0,100.8,6.87,692.496
10263-30,10263,ERNSH,30,8,1996-07-23,1996,Austria,Graz,20.7,60,0.25,931.5,6.87,6399.405
10263-74,10263,ERNSH,74,7,1996-07-23,1996,Austria,Graz,8.0,36,0.25,216.0,6.87,1483.92
10264-2,10264,FOLKO,2,1,1996-07-24,1996,Sweden,Bräcke,15.2,35,0.0,532.0,6.87,3654.84
10264-41,10264,FOLKO,41,8,1996-07-24,1996,Sweden,Bräcke,7.7,25,0.15,163.625,6.87,1124.10375
10265-17,10265,BLONP,17,6,1996-07-25,1996,France,Strasbourg,31.2,30,0.0,936.0,6.87,6430.32
10265-70,10265,BLONP,70,1,1996-07-25,1996,France,Strasbourg,12.0,20,0.0,240.0,6.87,1648.8
10266-12,10266,WARTH,12,4,1996-07-26,1996,Finland,Oulu,30.4,12,0.05,346.55999999999995,6.87,2380.8671999999997
10267-40,10267,FRANK,40,8,1996-07-29,1996,Germany,München,14.7,50,0.0,735.0,6.87,5049.45
10267-59,10267,FRANK,59,4,1996-07-29,1996,Germany,München,44.0,70,0.15,2618.0,6.87,17985.66
10267-76,10267,FRANK,76,1,1996-07-29,1996,Germany,München,14.4,15,0.15,183.6,6.87,1261.3319999999999
10268-29,10268,GROSR,29,6,1996-07-30,1996,Venezuela,Caracas,99.0,10,0.0,990.0,6.87,6801.3
10268-72,10268,GROSR,72,4,1996-07-30,1996,Venezuela,Caracas,27.8,4,0.0,111.2,6.87,763.9440000000001
10269-33,10269,WHITC,33,4,1996-07-31,1996,USA,Seattle,2.0,60,0.05,114.0,6.87,783.1800000000001
10269-72,10269,WHITC,72,4,1996-07-31,1996,USA,Seattle,27.8,20,0.05,528.1999999999999,6.87,3628.7339999999995
10270-36,10270,WARTH,36,8,1996-08-01,1996,Finland,Oulu,15.2,30,0.0,456.0,6.87,3132.7200000000003
10270-43,10270,WARTH,43,1,1996-08-01,1996,Finland,Oulu,36.8,25,0.0,919.9999999999999,6.87,6320.4
10271-33,10271,SPLIR,33,4,1996-08-01,1996,USA,Lander,2.0,24,0.0,48.0,6.87,329.76
10272-20,10272,RATTC,20,3,1996-08-02,1996,USA,Albuquerque,64.8,6,0.0,388.79999999999995,6.87,2671.0559999999996
10272-31,10272,RATTC,31,4,1996-08-02,1996,USA,Albuquerque,10.0,40,0.0,400.0,6.87,2748.0
10272-72,10272,RATTC,72,4,1996-08-02,1996,USA,Albuquerque,27.8,24,0.0,667.2,6.87,4583.664000000001
10273-10,10273,QUICK,10,8,1996-08-05,1996,Germany,Cunewalde,24.8,24,0.05,565.44,6.87,3884.5728000000004
10273-31,10273,QUICK,31,4,1996-08-05,1996,Germany,Cunewalde,10.0,15,0.05,142.5,6.87,978.975
10273-33,10273,QUICK,33,4,1996-08-05,1996,Germany,Cunewalde,2.0,20,0.0,40.0,6.87,274.8
10273-40,10273,QUICK,40,8,1996-08-05,1996,Germany,Cunewalde,14.7,60,0.05,837.9,6.87,5756.373
10273-76,10273,QUICK,76,1,1996-08-05,1996,Germany,Cunewalde,14.4,33,0.05,451.43999999999994,6.87,3101.3927999999996
10274-71,10274,VINET,71,4,1996-08-06,1996,France,Reims,17.2,20,0.0,344.0,6.87,2363.28
10274-72,10274,VINET,72,4,1996-08-06,1996,France,Reims,27.8,7,0.0,194.6,6.87,1336.902
10275-24,10275,MAGAA,24,1,1996-08-07,1996,Italy,Bergamo,3.6,12,0.05,41.04,6.87,281.9448
10275-59,10275,MAGAA,59,4,1996-08-07,1996,Italy,Bergamo,44.0,6,0.05,250.79999999999998,6.87,1722.9959999999999
10276-10,10276,TORTU,10,8,1996-08-08,1996,Mexico,México D.F.,24.8,15,0.0,372.0,6.87,2555.64
10276-13,10276,TORTU,13,8,1996-08-08,1996,Mexico,México D.F.,4.8,10,0.0,48.0,6.87,329.76
10277-28,10277,MORGK,28,7,1996-08-09,1996,Germany,Leipzig,36.4,20,0.0,728.0,6.87,5001.36
10277-62,10277,MORGK,62,3,1996-08-09,1996,Germany,Leipzig,39.4,12,0.0,472.79999999999995,6.87,3248.1359999999995
10278-44,10278,BERGS,44,2,1996-08-12,1996,Sweden,Luleå,15.5,16,0.0,248.0,6.87,1703.76
10278-59,10278,BERGS,59,4,1996-08-12,1996,Sweden,Luleå,44.0,15,0.0,660.0,6.87,4534.2
10278-63,10278,BERGS,63,2,1996-08-12,1996,Sweden,Luleå,35.1,8,0.0,280.8,6.87,1929.096
10278-73,10278,BERGS,73,8,1996-08-12,1996,Sweden,Luleå,12.0,25,0.0,300.0,6.87,2061.0
10279-17,10279,LEHMS,17,6,1996-08-13,1996,Germany,Frankfurt a.M.,31.2,15,0.25,351.0,6.87,2411.37
10280-24,10280,BERGS,24,1,1996-08-14,1996,Sweden,Luleå,3.6,12,0.0,43.2,6.87,296.78400000000005
10280-55,10280,BERGS,55,6,1996-08-14,1996,Sweden,Luleå,19.2,20,0.0,384.0,6.87,2638.08
10280-75,10280,BERGS,75,1,1996-08-14,1996,Sweden,Luleå,6.2,30,0.0,186.0,6.87,1277.82
10281-19,10281,ROMEY,19,3,1996-08-14,1996,Spain,Madrid,7.3,1,0.0,7.3,6.87,50.150999999999996
10281-24,10281,ROMEY,24,1,1996-08-14,1996,Spain,Madrid,3.6,6,0.0,21.6,6.87,148.39200000000002
10281-35,10281,ROMEY,35,1,1996-08-14,1996,Spain,Madrid,14.4,4,0.0,57.6,6.87,395.712
10282-30,10282,ROMEY,30,8,1996-08-15,1996,Spain,Madrid,20.7,6,0.0,124.19999999999999,6.87,853.2539999999999
10282-57,10282,ROMEY,57,5,1996-08-15,1996,Spain,Madrid,15.6,2,0.0,31.2,6.87,214.344
10283-15,10283,LILAS,15,2,1996-08-16,1996,Venezuela,Barquisimeto,12.4,20,0.0,248.0,6.87,1703.76
10283-19,10283,LILAS,19,3,1996-08-16,1996,Venezuela,Barquisimeto,7.3,18,0.0,131.4,6.87,902.7180000000001
10283-60,10283,LILAS,60,4,1996-08-16,1996,Venezuela,Barquisimeto,27.2,35,0.0,952.0,6.87,6540.24
10283-72,10283,LILAS,72,4,1996-08-16,1996,Venezuela,Barquisimeto,27.8,3,0.0,83.4,6.87,572.9580000000001
10284-27,10284,LEHMS,27,3,1996-08-19,1996,Germany,Frankfurt a.M.,35.1,15,0.25,394.875,6.87,2712.79125
10284-44,10284,LEHMS,44,2,1996-08-19,1996,Germany,Frankfurt a.M.,15.5,21,0.0,325.5,6.87,2236.185
10284-60,10284,LEHMS,60,4,1996-08-19,1996,Germany,Frankfurt a.M.,27.2,20,0.25,408.0,6.87,2802.96
10284-67,10284,LEHMS,67,1,1996-08-19,1996,Germany,Frankfurt a.M.,11.2,5,0.25,42.0,6.87,288.54
10285-1,10285,QUICK,1,1,1996-08-20,1996,Germany,Cunewalde,14.4,45,0.2,518.4,6.87,3561.408
10285-40,10285,QUICK,40,8,1996-08-20,1996,Germany,Cunewalde,14.7,40,0.2,470.40000000000003,6.87,3231.648
10285-53,10285,QUICK,53,6,1996-08-20,1996,Germany,Cunewalde,26.2,36,0.2,754.56,6.87,5183.8272
10286-35,10286,QUICK,35,1,1996-08-21,1996,Germany,Cunewalde,14.4,100,0.0,1440.0,6.87,9892.8
10286-62,10286,QUICK,62,3,1996-08-21,1996,Germany,Cunewalde,39.4,40,0.0,1576.0,6.87,10827.12
10287-16,10287,RICAR,16,3,1996-08-22,1996,Brazil,Rio de Janeiro,13.9,40,0.15,472.59999999999997,6.87,3246.7619999999997
10287-34,10287,RICAR,34,1,1996-08-22,1996,Brazil,Rio de Janeiro,11.2,20,0.0,224.0,6.87,1538.88
10287-46,10287,RICAR,46,8,1996-08-22,1996,Brazil,Rio de Janeiro,9.6,15,0.15,122.39999999999999,6.87,840.8879999999999
10288-54,10288,REGGC,54,6,1996-08-23,1996,Italy,Reggio Emilia,5.9,10,0.1,53.1,6.87,364.797
10288-68,10288,REGGC,68,3,1996-08-23,1996,Italy,Reggio Emilia,10.0,3,0.1,27.0,6.87,185.49
10289-3,10289,BSBEV,3,2,1996-08-26,1996,UK,London,8.0,30,0.0,240.0,6.87,1648.8
10289-64,10289,BSBEV,64,5,1996-08-26,1996,UK,London,26.6,9,0.0,239.4,6.87,1644.678
10290-5,10290,COMMI,5,2,1996-08-27,1996,Brazil,Sao Paulo,17.0,20,0.0,340.0,6.87,2335.8
10290-29,10290,COMMI,29,6,1996-08-27,1996,Brazil,Sao Paulo,99.0,15,0.0,1485.0,6.87,10201.95
10290-49,10290,COMMI,49,3,1996-08-27,1996,Brazil,Sao Paulo,16.0,15,0.0,240.0,6.87,1648.8
10290-77,10290,COMMI,77,2,1996-08-27,1996,Brazil,Sao Paulo,10.4,10,0.0,104.0,6.87,714.48
10291-13,10291,QUEDE,13,8,1996-08-27,1996,Brazil,Rio de Janeiro,4.8,20,0.1,86.4,6.87,593.5680000000001
10291-44,10291,QUEDE,44,2,1996-08-27,1996,Brazil,Rio de Janeiro,15.5,24,0.1,334.8,6.87,2300.076
10291-51,10291,QUEDE,51,7,1996-08-27,1996,Brazil,Rio de Janeiro,42.4,2,0.1,76.32,6.87,524.3184
10292-20,10292,TRADH,20,3,1996-08-28,1996,Brazil,Sao Paulo,64.8,20,0.0,1296.0,6.87,8903.52
10293-18,10293,TORTU,18,8,1996-08-29,1996,Mexico,México D.F.,50.0,12,0.0,600.0,6.87,4122.0
10293-24,10293,TORTU,24,1,1996-08-29,1996,Mexico,México D.F.,3.6,10,0.0,36.0,6.87,247.32
10293-63,10293,TORTU,63,2,1996-08-29,1996,Mexico,México D.F.,35.1,5,0.0,175.5,6.87,1205.685
10293-75,10293,TORTU,75,1,1996-08-29,1996,Mexico,México D.F.,6.2,6,0.0,37.2,6.87,255.56400000000002
10294-1,10294,RATTC,1,1,1996-08-30,1996,USA,Albuquerque,14.4,18,0.0,259.2,6.87,1780.704
10294-17,10294,RATTC,17,6,1996-08-30,1996,USA,Albuquerque,31.2,15,0.0,468.0,6.87,3215.16
10294-43,10294,RATTC,43,1,1996-08-30,1996,USA,Albuquerque,36.8,15,0.0,552.0,6.87,3792.2400000000002
10294-60,10294,RATTC,60,4,1996-08-30,1996,USA,Albuquerque,27.2,21,0.0,571.1999999999999,6.87,3924.144
10294-75,10294,RATTC,75,1,1996-08-30,1996,USA,Albuquerque,6.2,6,0.0,37.2,6.87,255.56400000000002
10295-56,10295,VINET,56,5,1996-09-02,1996,France,Reims,30.4,4,0.0,121.6,6.87,835.3919999999999
10296-11,10296,LILAS,11,4,1996-09-03,1996,Venezuela,Barquisimeto,16.8,12,0.0,201.60000000000002,6.87,1384.9920000000002
10296-16,10296,LILAS,16,3,1996-09-03,1996,Venezuela,Barquisimeto,13.9,30,0.0,417.0,6.87,2864.79
10296-69,10296,LILAS,69,4,1996-09-03,1996,Venezuela,Barquisimeto,28.8,15,0.0,432.0,6.87,2967.84
10297-39,10297,BLONP,39,1,1996-09-04,1996,France,Strasbourg,14.4,60,0.0,864.0,6.87,5935.68
10297-72,10297,BLONP,72,4,1996-09-04,1996,France,Strasbourg,27.8,20,0.0,556.0,6.87,3819.7200000000003
10298-2,10298,HUNGO,2,1,1996-09-05,1996,Ireland,Cork,15.2,40,0.0,608.0,6.87,4176.96
10298-36,10298,HUNGO,36,8,1996-09-05,1996,Ireland,Cork,15.2,40,0.25,456.0,6.87,3132.7200000000003
10298-59,10298,HUNGO,59,4,1996-09-05,1996,Ireland,Cork,44.0,30,0.25,990.0,6.87,6801.3
10298-62,10298,HUNGO,62,3,1996-09-05,1996,Ireland,Cork,39.4,15,0.0,591.0,6.87,4060.17
10299-19,10299,RICAR,19,3,1996-09-06,1996,Brazil,Rio de Janeiro,7.3,15,0.0,109.5,6.87,752.265
10299-70,10299,RICAR,70,1,1996-09-06,1996,Brazil,Rio de Janeiro,12.0,20,0.0,240.0,6.87,1648.8
10300-66,10300,MAGAA,66,2,1996-09-09,1996,Italy,Bergamo,13.6,30,0.0,408.0,6.87,2802.96
10300-68,10300,MAGAA,68,3,1996-09-09,1996,Italy,Bergamo,10.0,20,0.0,200.0,6.87,1374.0
10301-40,10301,WANDK,40,8,1996-09-09,1996,Germany,Stuttgart,14.7,10,0.0,147.0,6.87,1009.89
10301-56,10301,WANDK,56,5,1996-09-09,1996,Germany,Stuttgart,30.4,20,0.0,608.0,6.87,4176.96
10302-17,10302,SUPRD,17,6,1996-09-10,1996,Belgium,Charleroi,31.2,40,0.0,1248.0,6.87,8573.76
10302-28,10302,SUPRD,28,7,1996-09-10,1996,Belgium,Charleroi,36.4,28,0.0,1019.1999999999999,6.87,7001.9039999999995
10302-43,10302,SUPRD,43,1,1996-09-10,1996,Belgium,Charleroi,36.8,12,0.0,441.59999999999997,6.87,3033.792
10303-40,10303,GODOS,40,8,1996-09-11,1996,Spain,Sevilla,14.7,40,0.1,529.2,6.87,3635.6040000000003
10303-65,10303,GODOS,65,2,1996-09-11,1996,Spain,Sevilla,16.8,30,0.1,453.6,6.87,3116.2320000000004
10303-68,10303,GODOS,68,3,1996-09-11,1996,Spain,Sevilla,10.0,15,0.1,135.0,6.87,927.45
10304-49,10304,TORTU,49,3,1996-09-12,1996,Mexico,México D.F.,16.0,30,0.0,480.0,6.87,3297.6
10304-59,10304,TORTU,59,4,1996-09-12,1996,Mexico,México D.F.,44.0,10,0.0,440.0,6.87,3022.8
10304-71,10304,TORTU,71,4,1996-09-12,1996,Mexico,México D.F.,17.2,2,0.0,34.4,6.87,236.328
10305-18,10305,OLDWO,18,8,1996-09-13,1996,USA,Anchorage,50.0,25,0.1,1125.0,6.87,7728.75
10305-29,10305,OLDWO,29,6,1996-09-13,1996,USA,Anchorage,99.0,25,0.1,2227.5,6.87,15302.925000000001
10305-39,10305,OLDWO,39,1,1996-09-13,1996,USA,Anchorage,14.4,30,0.1,388.8,6.87,2671.056
10306-30,10306,ROMEY,30,8,1996-09-16,1996,Spain,Madrid,20.7,10,0.0,207.0,6.87,1422.09
10306-53,10306,ROMEY,53,6,1996-09-16,1996,Spain,Madrid,26.2,10,0.0,262.0,6.87,1799.94
10306-54,10306,ROMEY,54,6,1996-09-16,1996,Spain,Madrid,5.9,5,0.0,29.5,6.87,202.665
10307-62,10307,LONEP,62,3,1996-09-17,1996,USA,Portland,39.4,10,0.0,394.0,6.87,2706.78
10307-68,10307,LONEP,68,3,1996-09-17,1996,USA,Portland,10.0,3,0.0,30.0,6.87,206.1
10308-69,10308,ANATR,69,4,1996-09-18,1996,Mexico,México D.F.,28.8,1,0.0,28.8,6.87,197.856
10308-70,10308,ANATR,70,1,1996-09-18,1996,Mexico,México D.F.,12.0,5,0.0,60.0,6.87,412.2
10309-4,10309,HUNGO,4,2,1996-09-19,1996,Ireland,Cork,17.6,20,0.0,352.0,6.87,2418.2400000000002
10309-6,10309,HUNGO,6,2,1996-09-19,1996,Ireland,Cork,20.0,30,0.0,600.0,6.87,4122.0
10309-42,10309,HUNGO,42,5,1996-09-19,1996,Ireland,Cork,11.2,2,0.0,22.4,6.87,153.888
10309-43,10309,HUNGO,43,1,1996-09-19,1996,Ireland,Cork,36.8,20,0.0,736.0,6.87,5056.32
10309-71,10309,HUNGO,71,4,1996-09-19,1996,Ireland,Cork,17.2,3,0.0,51.599999999999994,6.87,354.49199999999996
10310-16,10310,THEBI,16,3,1996-09-20,1996,USA,Portland,13.9,10,0.0,139.0,6.87,954.9300000000001
10310-62,10310,THEBI,62,3,1996-09-20,1996,USA,Portland,39.4,5,0.0,197.0,6.87,1353.39
10311-42,10311,DUMON,42,5,1996-09-20,1996,France,Nantes,11.2,6,0.0,67.19999999999999,6.87,461.66399999999993
10311-69,10311,DUMON,69,4,1996-09-20,1996,France,Nantes,28.8,7,0.0,201.6,6.87,1384.992
10312-28,10312,WANDK,28,7,1996-09-23,1996,Germany,Stuttgart,36.4,4,0.0,145.6,6.87,1000.2719999999999
10312-43,10312,WANDK,43,1,1996-09-23,1996,Germany,Stuttgart,36.8,24,0.0,883.1999999999999,6.87,6067.584
10312-53,10312,WANDK,53,6,1996-09-23,1996,Germany,Stuttgart,26.2,20,0.0,524.0,6.87,3599.88
10312-75,10312,WANDK,75,1,1996-09-23,1996,Germany,Stuttgart,6.2,10,0.0,62.0,6.87,425.94
10313-36,10313,QUICK,36,8,1996-09-24,1996,Germany,Cunewalde,15.2,12,0.0,182.39999999999998,6.87,1253.088
10314-32,10314,RATTC,32,4,1996-09-25,1996,USA,Albuquerque,25.6,40,0.1,921.6,6.87,6331.392
10314-58,10314,RATTC,58,8,1996-09-25,1996,USA,Albuquerque,10.6,30,0.1,286.2,6.87,1966.194
10314-62,10314,RATTC,62,3,1996-09-25,1996,USA,Albuquerque,39.4,25,0.1,886.5,6.87,6090.255
10315-34,10315,ISLAT,34,1,1996-09-26,1996,UK,Cowes,11.2,14,0.0,156.79999999999998,6.87,1077.216
10315-70,10315,ISLAT,70,1,1996-09-26,1996,UK,Cowes,12.0,30,0.0,360.0,6.87,2473.2
10316-41,10316,RATTC,41,8,1996-09-27,1996,USA,Albuquerque,7.7,10,0.0,77.0,6.87,528.99
10316-62,10316,RATTC,62,3,1996-09-27,1996,USA,Albuquerque,39.4,70,0.0,2758.0,6.87,18947.46
10317-1,10317,LONEP,1,1,1996-09-30,1996,USA,Portland,14.4,20,0.0,288.0,6.87,1978.56
10318-41,10318,ISLAT,41,8,1996-10-01,1996,UK,Cowes,7.7,20,0.0,154.0,6.87,1057.98
10318-76,10318,ISLAT,76,1,1996-10-01,1996,UK,Cowes,14.4,6,0.0,86.4,6.87,593.5680000000001
10319-17,10319,TORTU,17,6,1996-10-02,1996,Mexico,México D.F.,31.2,8,0.0,249.6,6.87,1714.752
10319-28,10319,TORTU,28,7,1996-10-02,1996,Mexico,México D.F.,36.4,14,0.0,509.59999999999997,6.87,3500.9519999999998
10319-76,10319,TORTU,76,1,1996-10-02,1996,Mexico,México D.F.,14.4,30,0.0,432.0,6.87,2967.84
10320-71,10320,WARTH,71,4,1996-10-03,1996,Finland,Oulu,17.2,30,0.0,516.0,6.87,3544.92
10321-35,10321,ISLAT,35,1,1996-10-03,1996,UK,Cowes,14.4,10,0.0,144.0,6.87,989.28
10322-52,10322,PERIC,52,5,1996-10-04,1996,Mexico,México D.F.,5.6,20,0.0,112.0,6.87,769.44
10323-15,10323,KOENE,15,2,1996-10-07,1996,Germany,Brandenburg,12.4,5,0.0,62.0,6.87,425.94
10323-25,10323,KOENE,25,3,1996-10-07,1996,Germany,Brandenburg,11.2,4,0.0,44.8,6.87,307.776
10323-39,10323,KOENE,39,1,1996-10-07,1996,Germany,Brandenburg,14.4,4,0.0,57.6,6.87,395.712
10324-16,10324,SAVEA,16,3,1996-10-08,1996,USA,Boise,13.9,21,0.15,248.115,6.87,1704.55005
10324-35,10324,SAVEA,35,1,1996-10-08,1996,USA,Boise,14.4,70,0.15,856.8,6.87,5886.215999999999
10324-46,10324,SAVEA,46,8,1996-10-08,1996,USA,Boise,9.6,30,0.0,288.0,6.87,1978.56
10324-59,10324,SAVEA,59,4,1996-10-08,1996,USA,Boise,44.0,40,0.15,1496.0,6.87,10277.52
10324-63,10324,SAVEA,63,2,1996-10-08,1996,USA,Boise,35.1,80,0.15,2386.7999999999997,6.87,16397.316
10325-6,10325,KOENE,6,2,1996-10-09,1996,Germany,Brandenburg,20.0,6,0.0,120.0,6.87,824.4
10325-13,10325,KOENE,13,8,1996-10-09,1996,Germany,Brandenburg,4.8,12,0.0,57.599999999999994,6.87,395.712
10325-14,10325,KOENE,14,7,1996-10-09,1996,Germany,Brandenburg,18.6,9,0.0,167.4,6.87,1150.038
10325-31,10325,KOENE,31,4,1996-10-09,1996,Germany,Brandenburg,10.0,4,0.0,40.0,6.87,274.8
10325-72,10325,KOENE,72,4,1996-10-09,1996,Germany,Brandenburg,27.8,40,0.0,1112.0,6.87,7639.4400000000005
10326-4,10326,BOLID,4,2,1996-10-10,1996,Spain,Madrid,17.6,24,0.0,422.40000000000003,6.87,2901.8880000000004
10326-57,10326,BOLID,57,5,1996-10-10,1996,Spain,Madrid,15.6,16,0.0,249.6,6.87,1714.752
10326-75,10326,BOLID,75,1,1996-10-10,1996,Spain,Madrid,6.2,50,0.0,310.0,6.87,2129.7
10327-2,10327,FOLKO,2,1,1996-10-11,1996,Sweden,Bräcke,15.2,25,0.2,304.0,6.87,2088.48
10327-11,10327,FOLKO,11,4,1996-10-11,1996,Sweden,Bräcke,16.8,50,0.2,672.0,6.87,4616.64
10327-30,10327,FOLKO,30,8,1996-10-11,1996,Sweden,Bräcke,20.7,35,0.2,579.6,6.87,3981.8520000000003
10327-58,10327,FOLKO,58,8,1996-10-11,1996,Sweden,Bräcke,10.6,30,0.2,254.4,6.87,1747.728
10328-59,10328,FURIB,59,4,1996-10-14,1996,Portugal,Lisboa,44.0,9,0.0,396.0,6.87,2720.52
10328-65,10328,FURIB,65,2,1996-10-14,1996,Portugal,Lisboa,16.8,40,0.0,672.0,6.87,4616.64
10328-68,10328,FURIB,68,3,1996-10-14,1996,Portugal,Lisboa,10.0,10,0.0,100.0,6.87,687.0
10329-19,10329,SPLIR,19,3,1996-10-15,1996,USA,Lander,7.3,10,0.05,69.35,6.87,476.43449999999996
10329-30,10329,SPLIR,30,8,1996-10-15,1996,USA,Lander,20.7,8,0.05,157.32,6.87,1080.7884
10329-38,10329,SPLIR,38,1,1996-10-15,1996,USA,Lander,210.8,20,0.05,4005.2,6.87,27515.724
10329-56,10329,SPLIR,56,5,1996-10-15,1996,USA,Lander,30.4,12,0.05,346.55999999999995,6.87,2380.8671999999997
10330-26,10330,LILAS,26,3,1996-10-16,1996,Venezuela,Barquisimeto,24.9,50,0.15,1058.25,6.87,7270.1775
10330-72,10330,LILAS,72,4,1996-10-16,1996,Venezuela,Barquisimeto,27.8,25,0.15,590.75,6.87,4058.4525
10331-54,10331,BONAP,54,6,1996-10-16,1996,France,Marseille,5.9,15,0.0,88.5,6.87,607.995
10332-18,10332,MEREP,18,8,1996-10-17,1996,Canada,Montréal,50.0,40,0.2,1600.0,6.87,10992.0
10332-42,10332,MEREP,42,5,1996-10-17,1996,Canada,Montréal,11.2,10,0.2,89.60000000000001,6.87,615.552
10332-47,10332,MEREP,47,3,1996-10-17,1996,Canada,Montréal,7.6,16,0.2,97.28,6.87,668.3136000000001
10333-14,10333,WARTH,14,7,1996-10-18,1996,Finland,Oulu,18.6,10,0.0,186.0,6.87,1277.82
10333-21,10333,WARTH,21,3,1996-10-18,1996,Finland,Oulu,8.0,10,0.1,72.0,6.87,494.64
10333-71,10333,WARTH,71,4,1996-10-18,1996,Finland,Oulu,17.2,40,0.1,619.2,6.87,4253.904
10334-52,10334,VICTE,52,5,1996-10-21,1996,France,Lyon,5.6,8,0.0,44.8,6.87,307.776
10334-68,10334,VICTE,68,3,1996-10-21,1996,France,Lyon,10.0,10,0.0,100.0,6.87,687.0
10335-2,10335,HUNGO,2,1,1996-10-22,1996,Ireland,Cork,15.2,7,0.2,85.12,6.87,584.7744
10335-31,10335,HUNGO,31,4,1996-10-22,1996,Ireland,Cork,10.0,25,0.2,200.0,6.87,1374.0
10335-32,10335,HUNGO,32,4,1996-10-22,1996,Ireland,Cork,25.6,6,0.2,122.88000000000002,6.87,844.1856000000001
10335-51,10335,HUNGO,51,7,1996-10-22,1996,Ireland,Cork,42.4,48,0.2,1628.1599999999999,6.87,11185.4592
10336-4,10336,PRINI,4,2,1996-10-23,1996,Portugal,Lisboa,17.6,18,0.1,285.12,6.87,1958.7744
10337-23,10337,FRANK,23,5,1996-10-24,1996,Germany,München,7.2,40,0.0,288.0,6.87,1978.56
10337-26,10337,FRANK,26,3,1996-10-24,1996,Germany,München,24.9,24,0.0,597.5999999999999,6.87,4105.512
10337-36,10337,FRANK,36,8,1996-10-24,1996,Germany,München,15.2,20,0.0,304.0,6.87,2088.48
10337-37,10337,FRANK,37,8,1996-10-24,1996,Germany,München,20.8,28,0.0,582.4,6.87,4001.0879999999997
10337-72,10337,FRANK,72,4,1996-10-24,1996,Germany,München,27.8,25,0.0,695.0,6.87,4774.65
10338-17,10338,OLDWO,17,6,1996-10-25,1996,USA,Anchorage,31.2,20,0.0,624.0,6.87,4286.88
10338-30,10338,OLDWO,30,8,1996-10-25,1996,USA,Anchorage,20.7,15,0.0,310.5,6.87,2133.135
10339-4,10339,MEREP,4,2,1996-10-28,1996,Canada,Montréal,17.6,10,0.0,176.0,6.87,1209.1200000000001
10339-17,10339,MEREP,17,6,1996-10-28,1996,Canada,Montréal,31.2,70,0.05,2074.7999999999997,6.87,14253.875999999998
10339-62,10339,MEREP,62,3,1996-10-28,1996,Canada,Montréal,39.4,28,0.0,1103.2,6.87,7578.984
10340-18,10340,BONAP,18,8,1996-10-29,1996,France,Marseille,50.0,20,0.05,950.0,6.87,6526.5
10340-41,10340,BONAP,41,8,1996-10-29,1996,France,Marseille,7.7,12,0.05,87.78,6.87,603.0486
10340-43,10340,BONAP,43,1,1996-10-29,1996,France,Marseille,36.8,40,0.05,1398.3999999999999,6.87,9607.008
10341-33,10341,SIMOB,33,4,1996-10-29,1996,Denmark,Kobenhavn,2.0,8,0.0,16.0,6.87,109.92
10341-59,10341,SIMOB,59,4,1996-10-29,1996,Denmark,Kobenhavn,44.0,9,0.15,336.59999999999997,6.87,2312.442
10342-2,10342,FRANK,2,1,1996-10-30,1996,Germany,München,15.2,24,0.2,291.84,6.87,2004.9407999999999
10342-31,10342,FRANK,31,4,1996-10-30,1996,Germany,München,10.0,56,0.2,448.0,6.87,3077.76
10342-36,10342,FRANK,36,8,1996-10-30,1996,Germany,München,15.2,40,0.2,486.40000000000003,6.87,3341.568
10342-55,10342,FRANK,55,6,1996-10-30,1996,Germany,München,19.2,40,0.2,614.4000000000001,6.87,4220.928000000001
10343-64,10343,LEHMS,64,5,1996-10-31,1996,Germany,Frankfurt a.M.,26.6,50,0.0,1330.0,6.87,9137.1
10343-68,10343,LEHMS,68,3,1996-10-31,1996,Germany,Frankfurt a.M.,10.0,4,0.05,38.0,6.87,261.06
10343-76,10343,LEHMS,76,1,1996-10-31,1996,Germany,Frankfurt a.M.,14.4,15,0.0,216.0,6.87,1483.92
10344-4,10344,WHITC,4,2,1996-11-01,1996,USA,Seattle,17.6,35,0.0,616.0,6.87,4231.92
10344-8,10344,WHITC,8,2,1996-11-01,1996,USA,Seattle,32.0,70,0.25,1680.0,6.87,11541.6
10345-8,10345,QUICK,8,2,1996-11-04,1996,Germany,Cunewalde,32.0,70,0.0,2240.0,6.87,15388.800000000001
10345-19,10345,QUICK,19,3,1996-11-04,1996,Germany,Cunewalde,7.3,80,0.0,584.0,6.87,4012.08
10345-42,10345,QUICK,42,5,1996-11-04,1996,Germany,Cunewalde,11.2,9,0.0,100.8,6.87,692.496
10346-17,10346,RATTC,17,6,1996-11-05,1996,USA,Albuquerque,31.2,36,0.1,1010.8800000000001,6.87,6944.745600000001
10346-56,10346,RATTC,56,5,1996-11-05,1996,USA,Albuquerque,30.4,20,0.0,608.0,6.87,4176.96
10347-25,10347,FAMIA,25,3,1996-11-06,1996,Brazil,Sao Paulo,11.2,10,0.0,112.0,6.87,769.44
10347-39,10347,FAMIA,39,1,1996-11-06,1996,Brazil,Sao Paulo,14.4,50,0.15,612.0,6.87,4204.4400000000005
10347-40,10347,FAMIA,40,8,1996-11-06,1996,Brazil,Sao Paulo,14.7,4,0.0,58.8,6.87,403.95599999999996
10347-75,10347,FAMIA,75,1,1996-11-06,1996,Brazil,Sao Paulo,6.2,6,0.15,31.62,6.87,217.2294
10348-1,10348,WANDK,1,1,1996-11-07,1996,Germany,Stuttgart,14.4,15,0.15,183.6,6.87,1261.3319999999999
10348-23,10348,WANDK,23,5,1996-11-07,1996,Germany,Stuttgart,7.2,25,0.0,180.0,6.87,1236.6
10349-54,10349,SPLIR,54,6,1996-11-08,1996,USA,Lander,5.9,24,0.0,141.60000000000002,6.87,972.7920000000001
10350-50,10350,LAMAI,50,3,1996-11-11,1996,France,Toulouse,13.0,15,0.1,175.5,6.87,1205.685
10350-69,10350,LAMAI,69,4,1996-11-11,1996,France,Toulouse,28.8,18,0.1,466.56,6.87,3205.2672000000002
10351-38,10351,ERNSH,38,1,1996-11-11,1996,Austria,Graz,210.8,20,0.05,4005.2,6.87,27515.724
10351-41,10351,ERNSH,41,8,1996-11-11,1996,Austria,Graz,7.7,13,0.0,100.10000000000001,6.87,687.6870000000001
10351-44,10351,ERNSH,44,2,1996-11-11,1996,Austria,Graz,15.5,77,0.05,1133.825,6.87,7789.377750000001
10351-65,10351,ERNSH,65,2,1996-11-11,1996,Austria,Graz,16.8,10,0.05,159.6,6.87,1096.452
10352-24,10352,FURIB,24,1,1996-11-12,1996,Portugal,Lisboa,3.6,10,0.0,36.0,6.87,247.32
10352-54,10352,FURIB,54,6,1996-11-12,1996,Portugal,Lisboa,5.9,20,0.15,100.3,6.87,689.061
10353-11,10353,PICCO,11,4,1996-11-13,1996,Austria,Salzburg,16.8,12,0.2,161.28000000000003,6.87,1107.9936000000002
10353-38,10353,PICCO,38,1,1996-11-13,1996,Austria,Salzburg,210.8,50,0.2,8432.0,6.87,57927.840000000004
10354-1,10354,PERIC,1,1,1996-11-14,1996,Mexico,México D.F.,14.4,12,0.0,172.8,6.87,1187.1360000000002
10354-29,10354,PERIC,29,6,1996-11-14,1996,Mexico,México D.F.,99.0,4,0.0,396.0,6.87,2720.52
10355-24,10355,AROUT,24,1,1996-11-15,1996,UK,Colchester,3.6,25,0.0,90.0,6.87,618.3
10355-57,10355,AROUT,57,5,1996-11-15,1996,UK,Colchester,15.6,25,0.0,390.0,6.87,2679.3
10356-31,10356,WANDK,31,4,1996-11-18,1996,Germany,Stuttgart,10.0,30,0.0,300.0,6.87,2061.0
10356-55,10356,WANDK,55,6,1996-11-18,1996,Germany,Stuttgart,19.2,12,0.0,230.39999999999998,6.87,1582.848
10356-69,10356,WANDK,69,4,1996-11-18,1996,Germany,Stuttgart,28.8,20,0.0,576.0,6.87,3957.12
10357-10,10357,LILAS,10,8,1996-11-19,1996,Venezuela,Barquisimeto,24.8,30,0.2,595.2,6.87,4089.0240000000003
10357-26,10357,LILAS,26,3,1996-11-19,1996,Venezuela,Barquisimeto,24.9,16,0.0,398.4,6.87,2737.008
10357-60,10357,LILAS,60,4,1996-11-19,1996,Venezuela,Barquisimeto,27.2,8,0.2,174.08,6.87,1195.9296000000002
10358-24,10358,LAMAI,24,1,1996-11-20,1996,France,Toulouse,3.6,10,0.05,34.199999999999996,6.87,234.95399999999998
10358-34,10358,LAMAI,34,1,1996-11-20,1996,France,Toulouse,11.2,10,0.05,106.39999999999999,6.87,730.968
10358-36,10358,LAMAI,36,8,1996-11-20,1996,France,Toulouse,15.2,20,0.05,288.8,6.87,1984.056
10359-16,10359,SEVES,16,3,1996-11-21,1996,UK,London,13.9,56,0.05,739.4799999999999,6.87,5080.227599999999
10359-31,10359,SEVES,31,4,1996-11-21,1996,UK,London,10.0,70,0.05,665.0,6.87,4568.55
10359-60,10359,SEVES,60,4,1996-11-21,1996,UK,London,27.2,80,0.05,2067.2,6.87,14201.663999999999
10360-28,10360,BLONP,28,7,1996-11-22,1996,France,Strasbourg,36.4,30,0.0,1092.0,6.87,7502.04
10360-29,10360,BLONP,29,6,1996-11-22,1996,France,Strasbourg,99.0,35,0.0,3465.0,6.87,23804.55
10360-38,10360,BLONP,38,1,1996-11-22,1996,France,Strasbourg,210.8,10,0.0,2108.0,6.87,14481.960000000001
10360-49,10360,BLONP,49,3,1996-11-22,1996,France,Strasbourg,16.0,35,0.0,560.0,6.87,3847.2000000000003
10360-54,10360,BLONP,54,6,1996-11-22,1996,France,Strasbourg,5.9,28,0.0,165.20000000000002,6.87,1134.9240000000002
10361-39,10361,QUICK,39,1,1996-11-22,1996,Germany,Cunewalde,14.4,54,0.1,699.84,6.87,4807.9008
10361-60,10361,QUICK,60,4,1996-11-22,1996,Germany,Cunewalde,27.2,55,0.1,1346.4,6.87,9249.768
10362-25,10362,BONAP,25,3,1996-11-25,1996,France,Marseille,11.2,50,0.0,560.0,6.87,3847.2000000000003
10362-51,10362,BONAP,51,7,1996-11-25,1996,France,Marseille,42.4,20,0.0,848.0,6.87,5825.76
10362-54,10362,BONAP,54,6,1996-11-25,1996,France,Marseille,5.9,24,0.0,141.60000000000002,6.87,972.7920000000001
10363-31,10363,DRACD,31,4,1996-11-26,1996,Germany,Aachen,10.0,20,0.0,200.0,6.87,1374.0
10363-75,10363,DRACD,75,1,1996-11-26,1996,Germany,Aachen,6.2,12,0.0,74.4,6.87,511.12800000000004
10363-76,10363,DRACD,76,1,1996-11-26,1996,Germany,Aachen,14.4,12,0.0,172.8,6.87,1187.1360000000002
10364-69,10364,EASTC,69,4,1996-11-26,1996,UK,London,28.8,30,0.0,864.0,6.87,5935.68
10364-71,10364,EASTC,71,4,1996-11-26,1996,UK,London,17.2,5,0.0,86.0,6.87,590.82
10365-11,10365,ANTON,11,4,1996-11-27,1996,Mexico,México D.F.,16.8,24,0.0,403.20000000000005,6.87,2769.9840000000004
10366-65,10366,GALED,65,2,1996-11-28,1996,Spain,Barcelona,16.8,5,0.0,84.0,6.87,577.08
10366-77,10366,GALED,77,2,1996-11-28,1996,Spain,Barcelona,10.4,5,0.0,52.0,6.87,357.24
10367-34,10367,VAFFE,34,1,1996-11-28,1996,Denmark,Århus,11.2,36,0.0,403.2,6.87,2769.984
10367-54,10367,VAFFE,54,6,1996-11-28,1996,Denmark,Århus,5.9,18,0.0,106.2,6.87,729.594
10367-65,10367,VAFFE,65,2,1996-11-28,1996,Denmark,Århus,16.8,15,0.0,252.0,6.87,1731.24
10367-77,10367,VAFFE,77,2,1996-11-28,1996,Denmark,Århus,10.4,7,0.0,72.8,6.87,500.13599999999997
10368-21,10368,ERNSH,21,3,1996-11-29,1996,Austria,Graz,8.0,5,0.1,36.0,6.87,247.32
10368-28,10368,ERNSH,28,7,1996-11-29,1996,Austria,Graz,36.4,13,0.1,425.88,6.87,2925.7956
10368-57,10368,ERNSH,57,5,1996-11-29,1996,Austria,Graz,15.6,25,0.0,390.0,6.87,2679.3
10368-64,10368,ERNSH,64,5,1996-11-29,1996,Austria,Graz,26.6,35,0.1,837.9,6.87,5756.373
10369-29,10369,SPLIR,29,6,1996-12-02,1996,USA,Lander,99.0,20,0.0,1980.0,6.87,13602.6
10369-56,10369,SPLIR,56,5,1996-12-02,1996,USA,Lander,30.4,18,0.25,410.4,6.87,2819.448
10370-1,10370,CHOPS,1,1,1996-12-03,1996,Switzerland,Bern,14.4,15,0.15,183.6,6.87,1261.3319999999999
10370-64,10370,CHOPS,64,5,1996-12-03,1996,Switzerland,Bern,26.6,30,0.0,798.0,6.87,5482.26
10370-74,10370,CHOPS,74,7,1996-12-03,1996,Switzerland,Bern,8.0,20,0.15,136.0,6.87,934.32
10371-36,10371,LAMAI,36,8,1996-12-03,1996,France,Toulouse,15.2,6,0.2,72.96,6.87,501.23519999999996
10372-20,10372,QUEEN,20,3,1996-12-04,1996,Brazil,Sao Paulo,64.8,12,0.25,583.1999999999999,6.87,4006.5839999999994
10372-38,10372,QUEEN,38,1,1996-12-04,1996,Brazil,Sao Paulo,210.8,40,0.25,6324.0,6.87,43445.88
10372-60,10372,QUEEN,60,4,1996-12-04,1996,Brazil,Sao Paulo,27.2,70,0.25,1428.0,6.87,9810.36
10372-72,10372,QUEEN,72,4,1996-12-04,1996,Brazil,Sao Paulo,27.8,42,0.25,875.7,6.87,6016.059
10373-58,10373,HUNGO,58,8,1996-12-05,1996,Ireland,Cork,10.6,80,0.2,678.4000000000001,6.87,4660.608000000001
10373-71,10373,HUNGO,71,4,1996-12-05,1996,Ireland,Cork,17.2,50,0.2,688.0,6.87,4726.56
10374-31,10374,WOLZA,31,4,1996-12-05,1996,Poland,Warszawa,10.0,30,0.0,300.0,6.87,2061.0
10374-58,10374,WOLZA,58,8,1996-12-05,1996,Poland,Warszawa,10.6,15,0.0,159.0,6.87,1092.33
10375-14,10375,HUNGC,14,7,1996-12-06,1996,USA,Elgin,18.6,15,0.0,279.0,6.87,1916.73
10375-54,10375,HUNGC,54,6,1996-12-06,1996,USA,Elgin,5.9,10,0.0,59.0,6.87,405.33
10376-31,10376,MEREP,31,4,1996-12-09,1996,Canada,Montréal,10.0,42,0.05,399.0,6.87,2741.13
10377-28,10377,SEVES,28,7,1996-12-09,1996,UK,London,36.4,20,0.15,618.8,6.87,4251.156
10377-39,10377,SEVES,39,1,1996-12-09,1996,UK,London,14.4,20,0.15,244.79999999999998,6.87,1681.7759999999998
10378-71,10378,FOLKO,71,4,1996-12-10,1996,Sweden,Bräcke,17.2,6,0.0,103.19999999999999,6.87,708.9839999999999
10379-41,10379,QUEDE,41,8,1996-12-11,1996,Brazil,Rio de Janeiro,7.7,8,0.1,55.440000000000005,6.87,380.87280000000004
10379-63,10379,QUEDE,63,2,1996-12-11,1996,Brazil,Rio de Janeiro,35.1,16,0.1,505.44000000000005,6.87,3472.3728000000006
10379-65,10379,QUEDE,65,2,1996-12-11,1996,Brazil,Rio de Janeiro,16.8,20,0.1,302.40000000000003,6.87,2077.4880000000003
10380-30,10380,HUNGO,30,8,1996-12-12,1996,Ireland,Cork,20.7,18,0.1,335.34,6.87,2303.7857999999997
10380-53,10380,HUNGO,53,6,1996-12-12,1996,Ireland,Cork,26.2,20,0.1,471.6,6.87,3239.8920000000003
10380-60,10380,HUNGO,60,4,1996-12-12,1996,Ireland,Cork,27.2,6,0.1,146.88,6.87,1009.0656
10380-70,10380,HUNGO,70,1,1996-12-12,1996,Ireland,Cork,12.0,30,0.0,360.0,6.87,2473.2
10381-74,10381,LILAS,74,7,1996-12-12,1996,Venezuela,Barquisimeto,8.0,14,0.0,112.0,6.87,769.44
10382-5,10382,ERNSH,5,2,1996-12-13,1996,Austria,Graz,17.0,32,0.0,544.0,6.87,3737.28
10382-18,10382,ERNSH,18,8,1996-12-13,1996,Austria,Graz,50.0,9,0.0,450.0,6.87,3091.5
10382-29,10382,ERNSH,29,6,1996-12-13,1996,Austria,Graz,99.0,14,0.0,1386.0,6.87,9521.82
10382-33,10382,ERNSH,33,4,1996-12-13,1996,Austria,Graz,2.0,60,0.0,120.0,6.87,824.4
10382-74,10382,ERNSH,74,7,1996-12-13,1996,Austria,Graz,8.0,50,0.0,400.0,6.87,2748.0
10383-13,10383,AROUT,13,8,1996-12-16,1996,UK,Colchester,4.8,20,0.0,96.0,6.87,659.52
10383-50,10383,AROUT,50,3,1996-12-16,1996,UK,Colchester,13.0,15,0.0,195.0,6.87,1339.65
10383-56,10383,AROUT,56,5,1996-12-16,1996,UK,Colchester,30.4,20,0.0,608.0,6.87,4176.96
10384-20,10384,BERGS,20,3,1996-12-16,1996,Sweden,Luleå,64.8,28,0.0,1814.3999999999999,6.87,12464.928
10384-60,10384,BERGS,60,4,1996-12-16,1996,Sweden,Luleå,27.2,15,0.0,408.0,6.87,2802.96
10385-7,10385,SPLIR,7,7,1996-12-17,1996,USA,Lander,24.0,10,0.2,192.0,6.87,1319.04
10385-60,10385,SPLIR,60,4,1996-12-17,1996,USA,Lander,27.2,20,0.2,435.20000000000005,6.87,2989.8240000000005
10385-68,10385,SPLIR,68,3,1996-12-17,1996,USA,Lander,10.0,8,0.2,64.0,6.87,439.68
10386-24,10386,FAMIA,24,1,1996-12-18,1996,Brazil,Sao Paulo,3.6,15,0.0,54.0,6.87,370.98
10386-34,10386,FAMIA,34,1,1996-12-18,1996,Brazil,Sao Paulo,11.2,10,0.0,112.0,6.87,769.44
10387-24,10387,SANTG,24,1,1996-12-18,1996,Norway,Stavern,3.6,15,0.0,54.0,6.87,370.98
10387-28,10387,SANTG,28,7,1996-12-18,1996,Norway,Stavern,36.4,6,0.0,218.39999999999998,6.87,1500.408
10387-59,10387,SANTG,59,4,1996-12-18,1996,Norway,Stavern,44.0,12,0.0,528.0,6.87,3627.36
10387-71,10387,SANTG,71,4,1996-12-18,1996,Norway,Stavern,17.2,15,0.0,258.0,6.87,1772.46
10388-45,10388,SEVES,45,8,1996-12-19,1996,UK,London,7.6,15,0.2,91.2,6.87,626.544
10388-52,10388,SEVES,52,5,1996-12-19,1996,UK,London,5.6,20,0.2,89.60000000000001,6.87,615.552
10388-53,10388,SEVES,53,6,1996-12-19,1996,UK,London,26.2,40,0.0,1048.0,6.87,7199.76
10389-10,10389,BOTTM,10,8,1996-12-20,1996,Canada,Tsawassen,24.8,16,0.0,396.8,6.87,2726.016
10389-55,10389,BOTTM,55,6,1996-12-20,1996,Canada,Tsawassen,19.2,15,0.0,288.0,6.87,1978.56
10389-62,10389,BOTTM,62,3,1996-12-20,1996,Canada,Tsawassen,39.4,20,0.0,788.0,6.87,5413.56
10389-70,10389,BOTTM,70,1,1996-12-20,1996,Canada,Tsawassen,12.0,30,0.0,360.0,6.87,2473.2
10390-31,10390,ERNSH,31,4,1996-12-23,1996,Austria,Graz,10.0,60,0.1,540.0,6.87,3709.8
10390-35,10390,ERNSH,35,1,1996-12-23,1996,Austria,Graz,14.4,40,0.1,518.4,6.87,3561.408
10390-46,10390,ERNSH,46,8,1996-12-23,1996,Austria,Graz,9.6,45,0.0,432.0,6.87,2967.84
10390-72,10390,ERNSH,72,4,1996-12-23,1996,Austria,Graz,27.8,24,0.1,600.48,6.87,4125.2976
10391-13,10391,DRACD,13,8,1996-12-23,1996,Germany,Aachen,4.8,18,0.0,86.39999999999999,6.87,593.568
10392-69,10392,PICCO,69,4,1996-12-24,1996,Austria,Salzburg,28.8,50,0.0,1440.0,6.87,9892.8
10393-2,10393,SAVEA,2,1,1996-12-25,1996,USA,Boise,15.2,25,0.25,285.0,6.87,1957.95
10393-14,10393,SAVEA,14,7,1996-12-25,1996,USA,Boise,18.6,42,0.25,585.9000000000001,6.87,4025.1330000000007
10393-25,10393,SAVEA,25,3,1996-12-25,1996,USA,Boise,11.2,7,0.25,58.8,6.87,403.95599999999996
10393-26,10393,SAVEA,26,3,1996-12-25,1996,USA,Boise,24.9,70,0.25,1307.25,6.87,8980.8075
10393-31,10393,SAVEA,31,4,1996-12-25,1996,USA,Boise,10.0,32,0.0,320.0,6.87,2198.4
10394-13,10394,HUNGC,13,8,1996-12-25,1996,USA,Elgin,4.8,10,0.0,48.0,6.87,329.76
10394-62,10394,HUNGC,62,3,1996-12-25,1996,USA,Elgin,39.4,10,0.0,394.0,6.87,2706.78
10395-46,10395,HILAA,46,8,1996-12-26,1996,Venezuela,San Cristóbal,9.6,28,0.1,241.92000000000002,6.87,1661.9904000000001
10395-53,10395,HILAA,53,6,1996-12-26,1996,Venezuela,San Cristóbal,26.2,70,0.1,1650.6000000000001,6.87,11339.622000000001
10395-69,10395,HILAA,69,4,1996-12-26,1996,Venezuela,San Cristóbal,28.8,8,0.0,230.4,6.87,1582.848
10396-23,10396,FRANK,23,5,1996-12-27,1996,Germany,München,7.2,40,0.0,288.0,6.87,1978.56
10396-71,10396,FRANK,71,4,1996-12-27,1996,Germany,München,17.2,60,0.0,1032.0,6.87,7089.84
10396-72,10396,FRANK,72,4,1996-12-27,1996,Germany,München,27.8,21,0.0,583.8000000000001,6.87,4010.7060000000006
10397-21,10397,PRINI,21,3,1996-12-27,1996,Portugal,Lisboa,8.0,10,0.15,68.0,6.87,467.16
10397-51,10397,PRINI,51,7,1996-12-27,1996,Portugal,Lisboa,42.4,18,0.15,648.7199999999999,6.87,4456.706399999999
10398-35,10398,SAVEA,35,1,1996-12-30,1996,USA,Boise,14.4,30,0.0,432.0,6.87,2967.84
10398-55,10398,SAVEA,55,6,1996-12-30,1996,USA,Boise,19.2,120,0.1,2073.6,6.87,14245.632
10399-68,10399,VAFFE,68,3,1996-12-31,1996,Denmark,Århus,10.0,60,0.0,600.0,6.87,4122.0
10399-71,10399,VAFFE,71,4,1996-12-31,1996,Denmark,Århus,17.2,30,0.0,516.0,6.87,3544.92
10399-76,10399,VAFFE,76,1,1996-12-31,1996,Denmark,Århus,14.4,35,0.0,504.0,6.87,3462.48
10399-77,10399,VAFFE,77,2,1996-12-31,1996,Denmark,Århus,10.4,14,0.0,145.6,6.87,1000.2719999999999
10400-29,10400,EASTC,29,6,1997-01-01,1997,UK,London,99.0,21,0.0,2079.0,7.87,16361.73
10400-35,10400,EASTC,35,1,1997-01-01,1997,UK,London,14.4,35,0.0,504.0,7.87,3966.48
10400-49,10400,EASTC,49,3,1997-01-01,1997,UK,London,16.0,30,0.0,480.0,7.87,3777.6
10401-30,10401,RATTC,30,8,1997-01-01,1997,USA,Albuquerque,20.7,18,0.0,372.59999999999997,7.87,2932.3619999999996
10401-56,10401,RATTC,56,5,1997-01-01,1997,USA,Albuquerque,30.4,70,0.0,2128.0,7.87,16747.36
10401-65,10401,RATTC,65,2,1997-01-01,1997,USA,Albuquerque,16.8,20,0.0,336.0,7.87,2644.32
10401-71,10401,RATTC,71,4,1997-01-01,1997,USA,Albuquerque,17.2,60,0.0,1032.0,7.87,8121.84
10402-23,10402,ERNSH,23,5,1997-01-02,1997,Austria,Graz,7.2,60,0.0,432.0,7.87,3399.84
10402-63,10402,ERNSH,63,2,1997-01-02,1997,Austria,Graz,35.1,65,0.0,2281.5,7.87,17955.405
10403-16,10403,ERNSH,16,3,1997-01-03,1997,Austria,Graz,13.9,21,0.15,248.115,7.87,1952.66505
10403-48,10403,ERNSH,48,3,1997-01-03,1997,Austria,Graz,10.2,70,0.15,606.9,7.87,4776.303
10404-26,10404,MAGAA,26,3,1997-01-03,1997,Italy,Bergamo,24.9,30,0.05,709.65,7.87,5584.9455
10404-42,10404,MAGAA,42,5,1997-01-03,1997,Italy,Bergamo,11.2,40,0.05,425.59999999999997,7.87,3349.4719999999998
10404-49,10404,MAGAA,49,3,1997-01-03,1997,Italy,Bergamo,16.0,30,0.05,456.0,7.87,3588.7200000000003
10405-3,10405,LINOD,3,2,1997-01-06,1997,Venezuela,I. de Margarita,8.0,50,0.0,400.0,7.87,3148.0
10406-1,10406,QUEEN,1,1,1997-01-07,1997,Brazil,Sao Paulo,14.4,10,0.0,144.0,7.87,1133.28
10406-21,10406,QUEEN,21,3,1997-01-07,1997,Brazil,Sao Paulo,8.0,30,0.1,216.0,7.87,1699.92
10406-28,10406,QUEEN,28,7,1997-01-07,1997,Brazil,Sao Paulo,36.4,42,0.1,1375.92,7.87,10828.4904
10406-36,10406,QUEEN,36,8,1997-01-07,1997,Brazil,Sao Paulo,15.2,5,0.1,68.4,7.87,538.3080000000001
10406-40,10406,QUEEN,40,8,1997-01-07,1997,Brazil,Sao Paulo,14.7,2,0.1,26.46,7.87,208.24020000000002
10407-11,10407,OTTIK,11,4,1997-01-07,1997,Germany,Köln,16.8,30,0.0,504.0,7.87,3966.48
10407-69,10407,OTTIK,69,4,1997-01-07,1997,Germany,Köln,28.8,15,0.0,432.0,7.87,3399.84
10407-71,10407,OTTIK,71,4,1997-01-07,1997,Germany,Köln,17.2,15,0.0,258.0,7.87,2030.46
10408-37,10408,FOLIG,37,8,1997-01-08,1997,France,Lille,20.8,10,0.0,208.0,7.87,1636.96
10408-54,10408,FOLIG,54,6,1997-01-08,1997,France,Lille,5.9,6,0.0,35.400000000000006,7.87,278.59800000000007
10408-62,10408,FOLIG,62,3,1997-01-08,1997,France,Lille,39.4,35,0.0,1379.0,7.87,10852.73
10409-14,10409,OCEAN,14,7,1997-01-09,1997,Argentina,Buenos Aires,18.6,12,0.0,223.20000000000002,7.87,1756.584
10409-21,10409,OCEAN,21,3,1997-01-09,1997,Argentina,Buenos Aires,8.0,12,0.0,96.0,7.87,755.52
10410-33,10410,BOTTM,33,4,1997-01-10,1997,Canada,Tsawassen,2.0,49,0.0,98.0,7.87,771.26
10410-59,10410,BOTTM,59,4,1997-01-10,1997,Canada,Tsawassen,44.0,16,0.0,704.0,7.87,5540.4800000000005
10411-41,10411,BOTTM,41,8,1997-01-10,1997,Canada,Tsawassen,7.7,25,0.2,154.0,7.87,1211.98
10411-44,10411,BOTTM,44,2,1997-01-10,1997,Canada,Tsawassen,15.5,40,0.2,496.0,7.87,3903.52
10411-59,10411,BOTTM,59,4,1997-01-10,1997,Canada,Tsawassen,44.0,9,0.2,316.8,7.87,2493.2160000000003
10412-14,10412,WARTH,14,7,1997-01-13,1997,Finland,Oulu,18.6,20,0.1,334.8,7.87,2634.876
10413-1,10413,LAMAI,1,1,1997-01-14,1997,France,Toulouse,14.4,24,0.0,345.6,7.87,2719.8720000000003
10413-62,10413,LAMAI,62,3,1997-01-14,1997,France,Toulouse,39.4,40,0.0,1576.0,7.87,12403.12
10413-76,10413,LAMAI,76,1,1997-01-14,1997,France,Toulouse,14.4,14,0.0,201.6,7.87,1586.5919999999999
10414-19,10414,FAMIA,19,3,1997-01-14,1997,Brazil,Sao Paulo,7.3,18,0.05,124.83,7.87,982.4121
10414-33,10414,FAMIA,33,4,1997-01-14,1997,Brazil,Sao Paulo,2.0,50,0.0,100.0,7.87,787.0
10415-17,10415,HUNGC,17,6,1997-01-15,1997,USA,Elgin,31.2,2,0.0,62.4,7.87,491.088
10415-33,10415,HUNGC,33,4,1997-01-15,1997,USA,Elgin,2.0,20,0.0,40.0,7.87,314.8
10416-19,10416,WARTH,19,3,1997-01-16,1997,Finland,Oulu,7.3,20,0.0,146.0,7.87,1149.02
10416-53,10416,WARTH,53,6,1997-01-16,1997,Finland,Oulu,26.2,10,0.0,262.0,7.87,2061.94
10416-57,10416,WARTH,57,5,1997-01-16,1997,Finland,Oulu,15.6,20,0.0,312.0,7.87,2455.44
10417-38,10417,SIMOB,38,1,1997-01-16,1997,Denmark,Kobenhavn,210.8,50,0.0,10540.0,7.87,82949.8
10417-46,10417,SIMOB,46,8,1997-01-16,1997,Denmark,Kobenhavn,9.6,2,0.25,14.399999999999999,7.87,113.32799999999999
10417-68,10417,SIMOB,68,3,1997-01-16,1997,Denmark,Kobenhavn,10.0,36,0.25,270.0,7.87,2124.9
10417-77,10417,SIMOB,77,2,1997-01-16,1997,Denmark,Kobenhavn,10.4,35,0.0,364.0,7.87,2864.68
10418-2,10418,QUICK,2,1,1997-01-17,1997,Germany,Cunewalde,15.2,60,0.0,912.0,7.87,7177.4400000000005
10418-47,10418,QUICK,47,3,1997-01-17,1997,Germany,Cunewalde,7.6,55,0.0,418.0,7.87,3289.66
10418-61,10418,QUICK,61,2,1997-01-17,1997,Germany,Cunewalde,22.8,16,0.0,364.8,7.87,2870.976
10418-74,10418,QUICK,74,7,1997-01-17,1997,Germany,Cunewalde,8.0,15,0.0,120.0,7.87,944.4
10419-60,10419,RICSU,60,4,1997-01-20,1997,Switzerland,Genève,27.2,60,0.05,1550.3999999999999,7.87,12201.648
10419-69,10419,RICSU,69,4,1997-01-20,1997,Switzerland,Genève,28.8,20,0.05,547.1999999999999,7.87,4306.464
10420-9,10420,WELLI,9,6,1997-01-21,1997,Brazil,Resende,77.6,20,0.1,1396.8,7.87,10992.815999999999
10420-13,10420,WELLI,13,8,1997-01-21,1997,Brazil,Resende,4.8,2,0.1,8.64,7.87,67.99680000000001
10420-70,10420,WELLI,70,1,1997-01-21,1997,Brazil,Resende,12.0,8,0.1,86.4,7.87,679.9680000000001
10420-73,10420,WELLI,73,8,1997-01-21,1997,Brazil,Resende,12.0,20,0.1,216.0,7.87,1699.92
10421-19,10421,QUEDE,19,3,1997-01-21,1997,Brazil,Rio de Janeiro,7.3,4,0.15,24.82,7.87,195.3334
10421-26,10421,QUEDE,26,3,1997-01-21,1997,Brazil,Rio de Janeiro,24.9,30,0.0,747.0,7.87,5878.89
10421-53,10421,QUEDE,53,6,1997-01-21,1997,Brazil,Rio de Janeiro,26.2,15,0.15,334.05,7.87,2628.9735
10421-77,10421,QUEDE,77,2,1997-01-21,1997,Brazil,Rio de Janeiro,10.4,10,0.15,88.39999999999999,7.87,695.708
10422-26,10422,FRANS,26,3,1997-01-22,1997,Italy,Torino,24.9,2,0.0,49.8,7.87,391.926
10423-31,10423,GOURL,31,4,1997-01-23,1997,Brazil,Campinas,10.0,14,0.0,140.0,7.87,1101.8
10423-59,10423,GOURL,59,4,1997-01-23,1997,Brazil,Campinas,44.0,20,0.0,880.0,7.87,6925.6
10424-35,10424,MEREP,35,1,1997-01-23,1997,Canada,Montréal,14.4,60,0.2,691.2,7.87,5439.744000000001
10424-38,10424,MEREP,38,1,1997-01-23,1997,Canada,Montréal,210.8,49,0.2,8263.36,7.87,65032.643200000006
10424-68,10424,MEREP,68,3,1997-01-23,1997,Canada,Montréal,10.0,30,0.2,240.0,7.87,1888.8
10425-55,10425,LAMAI,55,6,1997-01-24,1997,France,Toulouse,19.2,10,0.25,144.0,7.87,1133.28
10425-76,10425,LAMAI,76,1,1997-01-24,1997,France,Toulouse,14.4,20,0.25,216.0,7.87,1699.92
10426-56,10426,GALED,56,5,1997-01-27,1997,Spain,Barcelona,30.4,5,0.0,152.0,7.87,1196.24
10426-64,10426,GALED,64,5,1997-01-27,1997,Spain,Barcelona,26.6,7,0.0,186.20000000000002,7.87,1465.3940000000002
10427-14,10427,PICCO,14,7,1997-01-27,1997,Austria,Salzburg,18.6,35,0.0,651.0,7.87,5123.37
10428-46,10428,REGGC,46,8,1997-01-28,1997,Italy,Reggio Emilia,9.6,20,0.0,192.0,7.87,1511.04
10429-50,10429,HUNGO,50,3,1997-01-29,1997,Ireland,Cork,13.0,40,0.0,520.0,7.87,4092.4
10429-63,10429,HUNGO,63,2,1997-01-29,1997,Ireland,Cork,35.1,35,0.25,921.375,7.87,7251.2212500000005
10430-17,10430,ERNSH,17,6,1997-01-30,1997,Austria,Graz,31.2,45,0.2,1123.2,7.87,8839.584
10430-21,10430,ERNSH,21,3,1997-01-30,1997,Austria,Graz,8.0,50,0.0,400.0,7.87,3148.0
10430-56,10430,ERNSH,56,5,1997-01-30,1997,Austria,Graz,30.4,30,0.0,912.0,7.87,7177.4400000000005
10430-59,10430,ERNSH,59,4,1997-01-30,1997,Austria,Graz,44.0,70,0.2,2464.0,7.87,19391.68
10431-17,10431,BOTTM,17,6,1997-01-30,1997,Canada,Tsawassen,31.2,50,0.25,1170.0,7.87,9207.9
10431-40,10431,BOTTM,40,8,1997-01-30,1997,Canada,Tsawassen,14.7,50,0.25,551.25,7.87,4338.3375
10431-47,10431,BOTTM,47,3,1997-01-30,1997,Canada,Tsawassen,7.6,30,0.25,171.0,7.87,1345.77
10432-26,10432,SPLIR,26,3,1997-01-31,1997,USA,Lander,24.9,10,0.0,249.0,7.87,1959.63
10432-54,10432,SPLIR,54,6,1997-01-31,1997,USA,Lander,5.9,40,0.0,236.0,7.87,1857.32
10433-56,10433,PRINI,56,5,1997-02-03,1997,Portugal,Lisboa,30.4,28,0.0,851.1999999999999,7.87,6698.9439999999995
10434-11,10434,FOLKO,11,4,1997-02-03,1997,Sweden,Bräcke,16.8,6,0.0,100.80000000000001,7.87,793.296
10434-76,10434,FOLKO,76,1,1997-02-03,1997,Sweden,Bräcke,14.4,18,0.15,220.32,7.87,1733.9184
10435-2,10435,CONSH,2,1,1997-02-04,1997,UK,London,15.2,10,0.0,152.0,7.87,1196.24
10435-22,10435,CONSH,22,5,1997-02-04,1997,UK,London,16.8,12,0.0,201.60000000000002,7.87,1586.592
10435-72,10435,CONSH,72,4,1997-02-04,1997,UK,London,27.8,10,0.0,278.0,7.87,2187.86
10436-46,10436,BLONP,46,8,1997-02-05,1997,France,Strasbourg,9.6,5,0.0,48.0,7.87,377.76
10436-56,10436,BLONP,56,5,1997-02-05,1997,France,Strasbourg,30.4,40,0.1,1094.4,7.87,8612.928000000002
10436-64,10436,BLONP,64,5,1997-02-05,1997,France,Strasbourg,26.6,30,0.1,718.2,7.87,5652.234
10436-75,10436,BLONP,75,1,1997-02-05,1997,France,Strasbourg,6.2,24,0.1,133.92000000000002,7.87,1053.9504000000002
10437-53,10437,WARTH,53,6,1997-02-05,1997,Finland,Oulu,26.2,15,0.0,393.0,7.87,3092.91
10438-19,10438,TOMSP,19,3,1997-02-06,1997,Germany,Münster,7.3,15,0.2,87.60000000000001,7.87,689.412
10438-34,10438,TOMSP,34,1,1997-02-06,1997,Germany,Münster,11.2,20,0.2,179.20000000000002,7.87,1410.304
10438-57,10438,TOMSP,57,5,1997-02-06,1997,Germany,Münster,15.6,15,0.2,187.20000000000002,7.87,1473.2640000000001
10439-12,10439,MEREP,12,4,1997-02-07,1997,Canada,Montréal,30.4,15,0.0,456.0,7.87,3588.7200000000003
10439-16,10439,MEREP,16,3,1997-02-07,1997,Canada,Montréal,13.9,16,0.0,222.4,7.87,1750.288
10439-64,10439,MEREP,64,5,1997-02-07,1997,Canada,Montréal,26.6,6,0.0,159.60000000000002,7.87,1256.0520000000001
10439-74,10439,MEREP,74,7,1997-02-07,1997,Canada,Montréal,8.0,30,0.0,240.0,7.87,1888.8
10440-2,10440,SAVEA,2,1,1997-02-10,1997,USA,Boise,15.2,45,0.15,581.4,7.87,4575.6179999999995
10440-16,10440,SAVEA,16,3,1997-02-10,1997,USA,Boise,13.9,49,0.15,578.9350000000001,7.87,4556.21845
10440-29,10440,SAVEA,29,6,1997-02-10,1997,USA,Boise,99.0,24,0.15,2019.6,7.87,15894.252
10440-61,10440,SAVEA,61,2,1997-02-10,1997,USA,Boise,22.8,90,0.15,1744.2,7.87,13726.854000000001
10441-27,10441,OLDWO,27,3,1997-02-10,1997,USA,Anchorage,35.1,50,0.0,1755.0,7.87,13811.85
10442-11,10442,ERNSH,11,4,1997-02-11,1997,Austria,Graz,16.8,30,0.0,504.0,7.87,3966.48
10442-54,10442,ERNSH,54,6,1997-02-11,1997,Austria,Graz,5.9,80,0.0,472.0,7.87,3714.64
10442-66,10442,ERNSH,66,2,1997-02-11,1997,Austria,Graz,13.6,60,0.0,816.0,7.87,6421.92
10443-11,10443,REGGC,11,4,1997-02-12,1997,Italy,Reggio Emilia,16.8,6,0.2,80.64000000000001,7.87,634.6368000000001
10443-28,10443,REGGC,28,7,1997-02-12,1997,Italy,Reggio Emilia,36.4,12,0.0,436.79999999999995,7.87,3437.6159999999995
10444-17,10444,BERGS,17,6,1997-02-12,1997,Sweden,Luleå,31.2,10,0.0,312.0,7.87,2455.44
10444-26,10444,BERGS,26,3,1997-02-12,1997,Sweden,Luleå,24.9,15,0.0,373.5,7.87,2939.445
10444-35,10444,BERGS,35,1,1997-02-12,1997,Sweden,Luleå,14.4,8,0.0,115.2,7.87,906.624
10444-41,10444,BERGS,41,8,1997-02-12,1997,Sweden,Luleå,7.7,30,0.0,231.0,7.87,1817.97
10445-39,10445,BERGS,39,1,1997-02-13,1997,Sweden,Luleå,14.4,6,0.0,86.4,7.87,679.9680000000001
10445-54,10445,BERGS,54,6,1997-02-13,1997,Sweden,Luleå,5.9,15,0.0,88.5,7.87,696.495
10446-19,10446,TOMSP,19,3,1997-02-14,1997,Germany,Münster,7.3,12,0.1,78.84,7.87,620.4708
10446-24,10446,TOMSP,24,1,1997-02-14,1997,Germany,Münster,3.6,20,0.1,64.8,7.87,509.976
10446-31,10446,TOMSP,31,4,1997-02-14,1997,Germany,Münster,10.0,3,0.1,27.0,7.87,212.49
10446-52,10446,TOMSP,52,5,1997-02-14,1997,Germany,Münster,5.6,15,0.1,75.60000000000001,7.87,594.9720000000001
10447-19,10447,RICAR,19,3,1997-02-14,1997,Brazil,Rio de Janeiro,7.3,40,0.0,292.0,7.87,2298.04
10447-65,10447,RICAR,65,2,1997-02-14,1997,Brazil,Rio de Janeiro,16.8,35,0.0,588.0,7.87,4627.56
10447-71,10447,RICAR,71,4,1997-02-14,1997,Brazil,Rio de Janeiro,17.2,2,0.0,34.4,7.87,270.728
10448-26,10448,RANCH,26,3,1997-02-17,1997,Argentina,Buenos Aires,24.9,6,0.0,149.39999999999998,7.87,1175.7779999999998
10448-40,10448,RANCH,40,8,1997-02-17,1997,Argentina,Buenos Aires,14.7,20,0.0,294.0,7.87,2313.78
10449-10,10449,BLONP,10,8,1997-02-18,1997,France,Strasbourg,24.8,14,0.0,347.2,7.87,2732.464
10449-52,10449,BLONP,52,5,1997-02-18,1997,France,Strasbourg,5.6,20,0.0,112.0,7.87,881.44
10449-62,10449,BLONP,62,3,1997-02-18,1997,France,Strasbourg,39.4,35,0.0,1379.0,7.87,10852.73
10450-10,10450,VICTE,10,8,1997-02-19,1997,France,Lyon,24.8,20,0.2,396.8,7.87,3122.8160000000003
10450-54,10450,VICTE,54,6,1997-02-19,1997,France,Lyon,5.9,6,0.2,28.320000000000007,7.87,222.87840000000006
10451-55,10451,QUICK,55,6,1997-02-19,1997,Germany,Cunewalde,19.2,120,0.1,2073.6,7.87,16319.232
10451-64,10451,QUICK,64,5,1997-02-19,1997,Germany,Cunewalde,26.6,35,0.1,837.9,7.87,6594.273
10451-65,10451,QUICK,65,2,1997-02-19,1997,Germany,Cunewalde,16.8,28,0.1,423.36,7.87,3331.8432000000003
10451-77,10451,QUICK,77,2,1997-02-19,1997,Germany,Cunewalde,10.4,55,0.1,514.8000000000001,7.87,4051.4760000000006
10452-28,10452,SAVEA,28,7,1997-02-20,1997,USA,Boise,36.4,15,0.0,546.0,7.87,4297.02
10452-44,10452,SAVEA,44,2,1997-02-20,1997,USA,Boise,15.5,100,0.05,1472.5,7.87,11588.575
10453-48,10453,AROUT,48,3,1997-02-21,1997,UK,Colchester,10.2,15,0.1,137.70000000000002,7.87,1083.699
10453-70,10453,AROUT,70,1,1997-02-21,1997,UK,Colchester,12.0,25,0.1,270.0,7.87,2124.9
10454-16,10454,LAMAI,16,3,1997-02-21,1997,France,Toulouse,13.9,20,0.2,222.4,7.87,1750.288
10454-33,10454,LAMAI,33,4,1997-02-21,1997,France,Toulouse,2.0,20,0.2,32.0,7.87,251.84
10454-46,10454,LAMAI,46,8,1997-02-21,1997,France,Toulouse,9.6,10,0.2,76.80000000000001,7.87,604.416
10455-39,10455,WARTH,39,1,1997-02-24,1997,Finland,Oulu,14.4,20,0.0,288.0,7.87,2266.56
10455-53,10455,WARTH,53,6,1997-02-24,1997,Finland,Oulu,26.2,50,0.0,1310.0,7.87,10309.7
10455-61,10455,WARTH,61,2,1997-02-24,1997,Finland,Oulu,22.8,25,0.0,570.0,7.87,4485.9
10455-71,10455,WARTH,71,4,1997-02-24,1997,Finland,Oulu,17.2,30,0.0,516.0,7.87,4060.92
10456-21,10456,KOENE,21,3,1997-02-25,1997,Germany,Brandenburg,8.0,40,0.15,272.0,7.87,2140.64
10456-49,10456,KOENE,49,3,1997-02-25,1997,Germany,Brandenburg,16.0,21,0.15,285.59999999999997,7.87,2247.6719999999996
10457-59,10457,KOENE,59,4,1997-02-25,1997,Germany,Brandenburg,44.0,36,0.0,1584.0,7.87,12466.08
10458-26,10458,SUPRD,26,3,1997-02-26,1997,Belgium,Charleroi,24.9,30,0.0,747.0,7.87,5878.89
10458-28,10458,SUPRD,28,7,1997-02-26,1997,Belgium,Charleroi,36.4,30,0.0,1092.0,7.87,8594.04
10458-43,10458,SUPRD,43,1,1997-02-26,1997,Belgium,Charleroi,36.8,20,0.0,736.0,7.87,5792.32
10458-56,10458,SUPRD,56,5,1997-02-26,1997,Belgium,Charleroi,30.4,15,0.0,456.0,7.87,3588.7200000000003
10458-71,10458,SUPRD,71,4,1997-02-26,1997,Belgium,Charleroi,17.2,50,0.0,860.0,7.87,6768.2
10459-7,10459,VICTE,7,7,1997-02-27,1997,France,Lyon,24.0,16,0.05,364.79999999999995,7.87,2870.9759999999997
10459-46,10459,VICTE,46,8,1997-02-27,1997,France,Lyon,9.6,20,0.05,182.39999999999998,7.87,1435.4879999999998
10459-72,10459,VICTE,72,4,1997-02-27,1997,France,Lyon,27.8,40,0.0,1112.0,7.87,8751.44
10460-68,10460,FOLKO,68,3,1997-02-28,1997,Sweden,Bräcke,10.0,21,0.25,157.5,7.87,1239.525
10460-75,10460,FOLKO,75,1,1997-02-28,1997,Sweden,Bräcke,6.2,4,0.25,18.6,7.87,146.382
10461-21,10461,LILAS,21,3,1997-02-28,1997,Venezuela,Barquisimeto,8.0,40,0.25,240.0,7.87,1888.8
10461-30,10461,LILAS,30,8,1997-02-28,1997,Venezuela,Barquisimeto,20.7,28,0.25,434.70000000000005,7.87,3421.0890000000004
10461-55,10461,LILAS,55,6,1997-02-28,1997,Venezuela,Barquisimeto,19.2,60,0.25,864.0,7.87,6799.68
10462-13,10462,CONSH,13,8,1997-03-03,1997,UK,London,4.8,1,0.0,4.8,7.87,37.775999999999996
10462-23,10462,CONSH,23,5,1997-03-03,1997,UK,London,7.2,21,0.0,151.20000000000002,7.87,1189.9440000000002
10463-19,10463,SUPRD,19,3,1997-03-04,1997,Belgium,Charleroi,7.3,21,0.0,153.29999999999998,7.87,1206.4709999999998
10463-42,10463,SUPRD,42,5,1997-03-04,1997,Belgium,Charleroi,11.2,50,0.0,560.0,7.87,4407.2
10464-4,10464,FURIB,4,2,1997-03-04,1997,Portugal,Lisboa,17.6,16,0.2,225.28000000000003,7.87,1772.9536000000003
10464-43,10464,FURIB,43,1,1997-03-04,1997,Portugal,Lisboa,36.8,3,0.0,110.39999999999999,7.87,868.848
10464-56,10464,FURIB,56,5,1997-03-04,1997,Portugal,Lisboa,30.4,30,0.2,729.6,7.87,5741.952
10464-60,10464,FURIB,60,4,1997-03-04,1997,Portugal,Lisboa,27.2,20,0.0,544.0,7.87,4281.28
10465-24,10465,VAFFE,24,1,1997-03-05,1997,Denmark,Århus,3.6,25,0.0,90.0,7.87,708.3
10465-29,10465,VAFFE,29,6,1997-03-05,1997,Denmark,Århus,99.0,18,0.1,1603.8,7.87,12621.905999999999
10465-40,10465,VAFFE,40,8,1997-03-05,1997,Denmark,Århus,14.7,20,0.0,294.0,7.87,2313.78
10465-45,10465,VAFFE,45,8,1997-03-05,1997,Denmark,Århus,7.6,30,0.1,205.20000000000002,7.87,1614.9240000000002
10465-50,10465,VAFFE,50,3,1997-03-05,1997,Denmark,Århus,13.0,25,0.0,325.0,7.87,2557.75
10466-11,10466,COMMI,11,4,1997-03-06,1997,Brazil,Sao Paulo,16.8,10,0.0,168.0,7.87,1322.16
10466-46,10466,COMMI,46,8,1997-03-06,1997,Brazil,Sao Paulo,9.6,5,0.0,48.0,7.87,377.76
10467-24,10467,MAGAA,24,1,1997-03-06,1997,Italy,Bergamo,3.6,28,0.0,100.8,7.87,793.2959999999999
10467-25,10467,MAGAA,25,3,1997-03-06,1997,Italy,Bergamo,11.2,12,0.0,134.39999999999998,7.87,1057.7279999999998
10468-30,10468,KOENE,30,8,1997-03-07,1997,Germany,Brandenburg,20.7,8,0.0,165.6,7.87,1303.272
10468-43,10468,KOENE,43,1,1997-03-07,1997,Germany,Brandenburg,36.8,15,0.0,552.0,7.87,4344.24
10469-2,10469,WHITC,2,1,1997-03-10,1997,USA,Seattle,15.2,40,0.15,516.8,7.87,4067.216
10469-16,10469,WHITC,16,3,1997-03-10,1997,USA,Seattle,13.9,35,0.15,413.525,7.87,3254.44175
10469-44,10469,WHITC,44,2,1997-03-10,1997,USA,Seattle,15.5,2,0.15,26.349999999999998,7.87,207.37449999999998
10470-18,10470,BONAP,18,8,1997-03-11,1997,France,Marseille,50.0,30,0.0,1500.0,7.87,11805.0
10470-23,10470,BONAP,23,5,1997-03-11,1997,France,Marseille,7.2,15,0.0,108.0,7.87,849.96
10470-64,10470,BONAP,64,5,1997-03-11,1997,France,Marseille,26.6,8,0.0,212.8,7.87,1674.736
10471-7,10471,BSBEV,7,7,1997-03-11,1997,UK,London,24.0,30,0.0,720.0,7.87,5666.4
10471-56,10471,BSBEV,56,5,1997-03-11,1997,UK,London,30.4,20,0.0,608.0,7.87,4784.96
10472-24,10472,SEVES,24,1,1997-03-12,1997,UK,London,3.6,80,0.05,273.59999999999997,7.87,2153.232
10472-51,10472,SEVES,51,7,1997-03-12,1997,UK,London,42.4,18,0.0,763.1999999999999,7.87,6006.383999999999
10473-33,10473,ISLAT,33,4,1997-03-13,1997,UK,Cowes,2.0,12,0.0,24.0,7.87,188.88
10473-71,10473,ISLAT,71,4,1997-03-13,1997,UK,Cowes,17.2,12,0.0,206.39999999999998,7.87,1624.368
10474-14,10474,PERIC,14,7,1997-03-13,1997,Mexico,México D.F.,18.6,12,0.0,223.20000000000002,7.87,1756.584
10474-28,10474,PERIC,28,7,1997-03-13,1997,Mexico,México D.F.,36.4,18,0.0,655.1999999999999,7.87,5156.424
10474-40,10474,PERIC,40,8,1997-03-13,1997,Mexico,México D.F.,14.7,21,0.0,308.7,7.87,2429.469
10474-75,10474,PERIC,75,1,1997-03-13,1997,Mexico,México D.F.,6.2,10,0.0,62.0,7.87,487.94
10475-31,10475,SUPRD,31,4,1997-03-14,1997,Belgium,Charleroi,10.0,35,0.15,297.5,7.87,2341.325
10475-66,10475,SUPRD,66,2,1997-03-14,1997,Belgium,Charleroi,13.6,60,0.15,693.6,7.87,5458.6320000000005
10475-76,10475,SUPRD,76,1,1997-03-14,1997,Belgium,Charleroi,14.4,42,0.15,514.08,7.87,4045.8096000000005
10476-55,10476,HILAA,55,6,1997-03-17,1997,Venezuela,San Cristóbal,19.2,2,0.05,36.48,7.87,287.0976
10476-70,10476,HILAA,70,1,1997-03-17,1997,Venezuela,San Cristóbal,12.0,12,0.0,144.0,7.87,1133.28
10477-1,10477,PRINI,1,1,1997-03-17,1997,Portugal,Lisboa,14.4,15,0.0,216.0,7.87,1699.92
10477-21,10477,PRINI,21,3,1997-03-17,1997,Portugal,Lisboa,8.0,21,0.25,126.0,7.87,991.62
10477-39,10477,PRINI,39,1,1997-03-17,1997,Portugal,Lisboa,14.4,20,0.25,216.0,7.87,1699.92
10478-10,10478,VICTE,10,8,1997-03-18,1997,France,Lyon,24.8,20,0.05,471.2,7.87,3708.344
10479-38,10479,RATTC,38,1,1997-03-19,1997,USA,Albuquerque,210.8,30,0.0,6324.0,7.87,49769.88
10479-53,10479,RATTC,53,6,1997-03-19,1997,USA,Albuquerque,26.2,28,0.0,733.6,7.87,5773.432000000001
10479-59,10479,RATTC,59,4,1997-03-19,1997,USA,Albuquerque,44.0,60,0.0,2640.0,7.87,20776.8
10479-64,10479,RATTC,64,5,1997-03-19,1997,USA,Albuquerque,26.6,30,0.0,798.0,7.87,6280.26
10480-47,10480,FOLIG,47,3,1997-03-20,1997,France,Lille,7.6,30,0.0,228.0,7.87,1794.3600000000001
10480-59,10480,FOLIG,59,4,1997-03-20,1997,France,Lille,44.0,12,0.0,528.0,7.87,4155.36
10481-49,10481,RICAR,49,3,1997-03-20,1997,Brazil,Rio de Janeiro,16.0,24,0.0,384.0,7.87,3022.08
10481-60,10481,RICAR,60,4,1997-03-20,1997,Brazil,Rio de Janeiro,27.2,40,0.0,1088.0,7.87,8562.56
10482-40,10482,LAZYK,40,8,1997-03-21,1997,USA,Walla Walla,14.7,10,0.0,147.0,7.87,1156.89
10483-34,10483,WHITC,34,1,1997-03-24,1997,USA,Seattle,11.2,35,0.05,372.4,7.87,2930.788
10483-77,10483,WHITC,77,2,1997-03-24,1997,USA,Seattle,10.4,30,0.05,296.4,7.87,2332.6679999999997
10484-21,10484,BSBEV,21,3,1997-03-24,1997,UK,London,8.0,14,0.0,112.0,7.87,881.44
10484-40,10484,BSBEV,40,8,1997-03-24,1997,UK,London,14.7,10,0.0,147.0,7.87,1156.89
10484-51,10484,BSBEV,51,7,1997-03-24,1997,UK,London,42.4,3,0.0,127.19999999999999,7.87,1001.064
10485-2,10485,LINOD,2,1,1997-03-25,1997,Venezuela,I. de Margarita,15.2,20,0.1,273.6,7.87,2153.2320000000004
10485-3,10485,LINOD,3,2,1997-03-25,1997,Venezuela,I. de Margarita,8.0,20,0.1,144.0,7.87,1133.28
10485-55,10485,LINOD,55,6,1997-03-25,1997,Venezuela,I. de Margarita,19.2,30,0.1,518.4,7.87,4079.808
10485-70,10485,LINOD,70,1,1997-03-25,1997,Venezuela,I. de Margarita,12.0,60,0.1,648.0,7.87,5099.76
10486-11,10486,HILAA,11,4,1997-03-26,1997,Venezuela,San Cristóbal,16.8,5,0.0,84.0,7.87,661.08
10486-51,10486,HILAA,51,7,1997-03-26,1997,Venezuela,San Cristóbal,42.4,25,0.0,1060.0,7.87,8342.2
10486-74,10486,HILAA,74,7,1997-03-26,1997,Venezuela,San Cristóbal,8.0,16,0.0,128.0,7.87,1007.36
10487-19,10487,QUEEN,19,3,1997-03-26,1997,Brazil,Sao Paulo,7.3,5,0.0,36.5,7.87,287.255
10487-26,10487,QUEEN,26,3,1997-03-26,1997,Brazil,Sao Paulo,24.9,30,0.0,747.0,7.87,5878.89
10487-54,10487,QUEEN,54,6,1997-03-26,1997,Brazil,Sao Paulo,5.9,24,0.25,106.20000000000002,7.87,835.7940000000001
10488-59,10488,FRANK,59,4,1997-03-27,1997,Germany,München,44.0,30,0.0,1320.0,7.87,10388.4
10488-73,10488,FRANK,73,8,1997-03-27,1997,Germany,München,12.0,20,0.2,192.0,7.87,1511.04
10489-11,10489,PICCO,11,4,1997-03-28,1997,Austria,Salzburg,16.8,15,0.25,189.0,7.87,1487.43
10489-16,10489,PICCO,16,3,1997-03-28,1997,Austria,Salzburg,13.9,18,0.0,250.20000000000002,7.87,1969.074
10490-59,10490,HILAA,59,4,1997-03-31,1997,Venezuela,San Cristóbal,44.0,60,0.0,2640.0,7.87,20776.8
10490-68,10490,HILAA,68,3,1997-03-31,1997,Venezuela,San Cristóbal,10.0,30,0.0,300.0,7.87,2361.0
10490-75,10490,HILAA,75,1,1997-03-31,1997,Venezuela,San Cristóbal,6.2,36,0.0,223.20000000000002,7.87,1756.584
10491-44,10491,FURIB,44,2,1997-03-31,1997,Portugal,Lisboa,15.5,15,0.15,197.625,7.87,1555.30875
10491-77,10491,FURIB,77,2,1997-03-31,1997,Portugal,Lisboa,10.4,7,0.15,61.879999999999995,7.87,486.99559999999997
10492-25,10492,BOTTM,25,3,1997-04-01,1997,Canada,Tsawassen,11.2,60,0.05,638.4,7.87,5024.208
10492-42,10492,BOTTM,42,5,1997-04-01,1997,Canada,Tsawassen,11.2,20,0.05,212.79999999999998,7.87,1674.7359999999999
10493-65,10493,LAMAI,65,2,1997-04-02,1997,France,Toulouse,16.8,15,0.1,226.8,7.87,1784.9160000000002
10493-66,10493,LAMAI,66,2,1997-04-02,1997,France,Toulouse,13.6,10,0.1,122.4,7.87,963.288
10493-69,10493,LAMAI,69,4,1997-04-02,1997,France,Toulouse,28.8,10,0.1,259.2,7.87,2039.904
10494-56,10494,COMMI,56,5,1997-04-02,1997,Brazil,Sao Paulo,30.4,30,0.0,912.0,7.87,7177.4400000000005
10495-23,10495,LAUGB,23,5,1997-04-03,1997,Canada,Vancouver,7.2,10,0.0,72.0,7.87,566.64
10495-41,10495,LAUGB,41,8,1997-04-03,1997,Canada,Vancouver,7.7,20,0.0,154.0,7.87,1211.98
10495-77,10495,LAUGB,77,2,1997-04-03,1997,Canada,Vancouver,10.4,5,0.0,52.0,7.87,409.24
10496-31,10496,TRADH,31,4,1997-04-04,1997,Brazil,Sao Paulo,10.0,20,0.05,190.0,7.87,1495.3
10497-56,10497,LEHMS,56,5,1997-04-04,1997,Germany,Frankfurt a.M.,30.4,14,0.0,425.59999999999997,7.87,3349.4719999999998
10497-72,10497,LEHMS,72,4,1997-04-04,1997,Germany,Frankfurt a.M.,27.8,25,0.0,695.0,7.87,5469.65
10497-77,10497,LEHMS,77,2,1997-04-04,1997,Germany,Frankfurt a.M.,10.4,25,0.0,260.0,7.87,2046.2
10498-24,10498,HILAA,24,1,1997-04-07,1997,Venezuela,San Cristóbal,4.5,14,0.0,63.0,7.87,495.81
10498-40,10498,HILAA,40,8,1997-04-07,1997,Venezuela,San Cristóbal,18.4,5,0.0,92.0,7.87,724.04
10498-42,10498,HILAA,42,5,1997-04-07,1997,Venezuela,San Cristóbal,14.0,30,0.0,420.0,7.87,3305.4
10499-28,10499,LILAS,28,7,1997-04-08,1997,Venezuela,Barquisimeto,45.6,20,0.0,912.0,7.87,7177.4400000000005
10499-49,10499,LILAS,49,3,1997-04-08,1997,Venezuela,Barquisimeto,20.0,25,0.0,500.0,7.87,3935.0
10500-15,10500,LAMAI,15,2,1997-04-09,1997,France,Toulouse,15.5,12,0.05,176.7,7.87,1390.629
10500-28,10500,LAMAI,28,7,1997-04-09,1997,France,Toulouse,45.6,8,0.05,346.56,7.87,2727.4272
10501-54,10501,BLAUS,54,6,1997-04-09,1997,Germany,Mannheim,7.45,20,0.0,149.0,7.87,1172.63
10502-45,10502,PERIC,45,8,1997-04-10,1997,Mexico,México D.F.,9.5,21,0.0,199.5,7.87,1570.065
10502-53,10502,PERIC,53,6,1997-04-10,1997,Mexico,México D.F.,32.8,6,0.0,196.79999999999998,7.87,1548.8159999999998
10502-67,10502,PERIC,67,1,1997-04-10,1997,Mexico,México D.F.,14.0,30,0.0,420.0,7.87,3305.4
10503-14,10503,HUNGO,14,7,1997-04-11,1997,Ireland,Cork,23.25,70,0.0,1627.5,7.87,12808.425
10503-65,10503,HUNGO,65,2,1997-04-11,1997,Ireland,Cork,21.05,20,0.0,421.0,7.87,3313.27
10504-2,10504,WHITC,2,1,1997-04-11,1997,USA,Seattle,19.0,12,0.0,228.0,7.87,1794.3600000000001
10504-21,10504,WHITC,21,3,1997-04-11,1997,USA,Seattle,10.0,12,0.0,120.0,7.87,944.4
10504-53,10504,WHITC,53,6,1997-04-11,1997,USA,Seattle,32.8,10,0.0,328.0,7.87,2581.36
10504-61,10504,WHITC,61,2,1997-04-11,1997,USA,Seattle,28.5,25,0.0,712.5,7.87,5607.375
10505-62,10505,MEREP,62,3,1997-04-14,1997,Canada,Montréal,49.3,3,0.0,147.89999999999998,7.87,1163.9729999999997
10506-25,10506,KOENE,25,3,1997-04-15,1997,Germany,Brandenburg,14.0,18,0.1,226.8,7.87,1784.9160000000002
10506-70,10506,KOENE,70,1,1997-04-15,1997,Germany,Brandenburg,15.0,14,0.1,189.0,7.87,1487.43
10507-43,10507,ANTON,43,1,1997-04-15,1997,Mexico,México D.F.,46.0,15,0.15,586.5,7.87,4615.755
10507-48,10507,ANTON,48,3,1997-04-15,1997,Mexico,México D.F.,12.75,15,0.15,162.5625,7.87,1279.366875
10508-13,10508,OTTIK,13,8,1997-04-16,1997,Germany,Köln,6.0,10,0.0,60.0,7.87,472.2
10508-39,10508,OTTIK,39,1,1997-04-16,1997,Germany,Köln,18.0,10,0.0,180.0,7.87,1416.6
10509-28,10509,BLAUS,28,7,1997-04-17,1997,Germany,Mannheim,45.6,3,0.0,136.8,7.87,1076.6160000000002
10510-29,10510,SAVEA,29,6,1997-04-18,1997,USA,Boise,123.79,36,0.0,4456.4400000000005,7.87,35072.1828
10510-75,10510,SAVEA,75,1,1997-04-18,1997,USA,Boise,7.75,36,0.1,251.1,7.87,1976.157
10511-4,10511,BONAP,4,2,1997-04-18,1997,France,Marseille,22.0,50,0.15,935.0,7.87,7358.45
10511-7,10511,BONAP,7,7,1997-04-18,1997,France,Marseille,30.0,50,0.15,1275.0,7.87,10034.25
10511-8,10511,BONAP,8,2,1997-04-18,1997,France,Marseille,40.0,10,0.15,340.0,7.87,2675.8
10512-24,10512,FAMIA,24,1,1997-04-21,1997,Brazil,Sao Paulo,4.5,10,0.15,38.25,7.87,301.02750000000003
10512-46,10512,FAMIA,46,8,1997-04-21,1997,Brazil,Sao Paulo,12.0,9,0.15,91.8,7.87,722.466
10512-47,10512,FAMIA,47,3,1997-04-21,1997,Brazil,Sao Paulo,9.5,6,0.15,48.449999999999996,7.87,381.3015
10512-60,10512,FAMIA,60,4,1997-04-21,1997,Brazil,Sao Paulo,34.0,12,0.15,346.8,7.87,2729.3160000000003
10513-21,10513,WANDK,21,3,1997-04-22,1997,Germany,Stuttgart,10.0,40,0.2,320.0,7.87,2518.4
10513-32,10513,WANDK,32,4,1997-04-22,1997,Germany,Stuttgart,32.0,50,0.2,1280.0,7.87,10073.6
10513-61,10513,WANDK,61,2,1997-04-22,1997,Germany,Stuttgart,28.5,15,0.2,342.0,7.87,2691.54
10514-20,10514,ERNSH,20,3,1997-04-22,1997,Austria,Graz,81.0,39,0.0,3159.0,7.87,24861.33
10514-28,10514,ERNSH,28,7,1997-04-22,1997,Austria,Graz,45.6,35,0.0,1596.0,7.87,12560.52
10514-56,10514,ERNSH,56,5,1997-04-22,1997,Austria,Graz,38.0,70,0.0,2660.0,7.87,20934.2
10514-65,10514,ERNSH,65,2,1997-04-22,1997,Austria,Graz,21.05,39,0.0,820.95,7.87,6460.8765
10514-75,10514,ERNSH,75,1,1997-04-22,1997,Austria,Graz,7.75,50,0.0,387.5,7.87,3049.625
10515-9,10515,QUICK,9,6,1997-04-23,1997,Germany,Cunewalde,97.0,16,0.15,1319.2,7.87,10382.104000000001
10515-16,10515,QUICK,16,3,1997-04-23,1997,Germany,Cunewalde,17.45,50,0.0,872.5,7.87,6866.575
10515-27,10515,QUICK,27,3,1997-04-23,1997,Germany,Cunewalde,43.9,120,0.0,5268.0,7.87,41459.16
10515-33,10515,QUICK,33,4,1997-04-23,1997,Germany,Cunewalde,2.5,16,0.15,34.0,7.87,267.58
10515-60,10515,QUICK,60,4,1997-04-23,1997,Germany,Cunewalde,34.0,84,0.15,2427.6,7.87,19105.212
10516-18,10516,HUNGO,18,8,1997-04-24,1997,Ireland,Cork,62.5,25,0.1,1406.25,7.87,11067.1875
10516-41,10516,HUNGO,41,8,1997-04-24,1997,Ireland,Cork,9.65,80,0.1,694.8000000000001,7.87,5468.076000000001
10516-42,10516,HUNGO,42,5,1997-04-24,1997,Ireland,Cork,14.0,20,0.0,280.0,7.87,2203.6
10517-52,10517,NORTS,52,5,1997-04-24,1997,UK,London,7.0,6,0.0,42.0,7.87,330.54
10517-59,10517,NORTS,59,4,1997-04-24,1997,UK,London,55.0,4,0.0,220.0,7.87,1731.4
10517-70,10517,NORTS,70,1,1997-04-24,1997,UK,London,15.0,6,0.0,90.0,7.87,708.3
10518-24,10518,TORTU,24,1,1997-04-25,1997,Mexico,México D.F.,4.5,5,0.0,22.5,7.87,177.075
10518-38,10518,TORTU,38,1,1997-04-25,1997,Mexico,México D.F.,263.5,15,0.0,3952.5,7.87,31106.175
10518-44,10518,TORTU,44,2,1997-04-25,1997,Mexico,México D.F.,19.45,9,0.0,175.04999999999998,7.87,1377.6435
10519-10,10519,CHOPS,10,8,1997-04-28,1997,Switzerland,Bern,31.0,16,0.05,471.2,7.87,3708.344
10519-56,10519,CHOPS,56,5,1997-04-28,1997,Switzerland,Bern,38.0,40,0.0,1520.0,7.87,11962.4
10519-60,10519,CHOPS,60,4,1997-04-28,1997,Switzerland,Bern,34.0,10,0.05,323.0,7.87,2542.01
10520-24,10520,SANTG,24,1,1997-04-29,1997,Norway,Stavern,4.5,8,0.0,36.0,7.87,283.32
10520-53,10520,SANTG,53,6,1997-04-29,1997,Norway,Stavern,32.8,5,0.0,164.0,7.87,1290.68
10521-35,10521,CACTU,35,1,1997-04-29,1997,Argentina,Buenos Aires,18.0,3,0.0,54.0,7.87,424.98
10521-41,10521,CACTU,41,8,1997-04-29,1997,Argentina,Buenos Aires,9.65,10,0.0,96.5,7.87,759.455
10521-68,10521,CACTU,68,3,1997-04-29,1997,Argentina,Buenos Aires,12.5,6,0.0,75.0,7.87,590.25
10522-1,10522,LEHMS,1,1,1997-04-30,1997,Germany,Frankfurt a.M.,18.0,40,0.2,576.0,7.87,4533.12
10522-8,10522,LEHMS,8,2,1997-04-30,1997,Germany,Frankfurt a.M.,40.0,24,0.0,960.0,7.87,7555.2
10522-30,10522,LEHMS,30,8,1997-04-30,1997,Germany,Frankfurt a.M.,25.89,20,0.2,414.24,7.87,3260.0688
10522-40,10522,LEHMS,40,8,1997-04-30,1997,Germany,Frankfurt a.M.,18.4,25,0.2,368.0,7.87,2896.16
10523-17,10523,SEVES,17,6,1997-05-01,1997,UK,London,39.0,25,0.1,877.5,7.87,6905.925
10523-20,10523,SEVES,20,3,1997-05-01,1997,UK,London,81.0,15,0.1,1093.5,7.87,8605.845
10523-37,10523,SEVES,37,8,1997-05-01,1997,UK,London,26.0,18,0.1,421.2,7.87,3314.844
10523-41,10523,SEVES,41,8,1997-05-01,1997,UK,London,9.65,6,0.1,52.11000000000001,7.87,410.10570000000007
10524-10,10524,BERGS,10,8,1997-05-01,1997,Sweden,Luleå,31.0,2,0.0,62.0,7.87,487.94
10524-30,10524,BERGS,30,8,1997-05-01,1997,Sweden,Luleå,25.89,10,0.0,258.9,7.87,2037.543
10524-43,10524,BERGS,43,1,1997-05-01,1997,Sweden,Luleå,46.0,60,0.0,2760.0,7.87,21721.2
10524-54,10524,BERGS,54,6,1997-05-01,1997,Sweden,Luleå,7.45,15,0.0,111.75,7.87,879.4725
10525-36,10525,BONAP,36,8,1997-05-02,1997,France,Marseille,19.0,30,0.0,570.0,7.87,4485.9
10525-40,10525,BONAP,40,8,1997-05-02,1997,France,Marseille,18.4,15,0.1,248.4,7.87,1954.9080000000001
10526-1,10526,WARTH,1,1,1997-05-05,1997,Finland,Oulu,18.0,8,0.15,122.39999999999999,7.87,963.2879999999999
10526-13,10526,WARTH,13,8,1997-05-05,1997,Finland,Oulu,6.0,10,0.0,60.0,7.87,472.2
10526-56,10526,WARTH,56,5,1997-05-05,1997,Finland,Oulu,38.0,30,0.15,969.0,7.87,7626.03
10527-4,10527,QUICK,4,2,1997-05-05,1997,Germany,Cunewalde,22.0,50,0.1,990.0,7.87,7791.3
10527-36,10527,QUICK,36,8,1997-05-05,1997,Germany,Cunewalde,19.0,30,0.1,513.0,7.87,4037.31
10528-11,10528,GREAL,11,4,1997-05-06,1997,USA,Eugene,21.0,3,0.0,63.0,7.87,495.81
10528-33,10528,GREAL,33,4,1997-05-06,1997,USA,Eugene,2.5,8,0.2,16.0,7.87,125.92
10528-72,10528,GREAL,72,4,1997-05-06,1997,USA,Eugene,34.8,9,0.0,313.2,7.87,2464.884
10529-55,10529,MAISD,55,6,1997-05-07,1997,Belgium,Bruxelles,24.0,14,0.0,336.0,7.87,2644.32
10529-68,10529,MAISD,68,3,1997-05-07,1997,Belgium,Bruxelles,12.5,20,0.0,250.0,7.87,1967.5
10529-69,10529,MAISD,69,4,1997-05-07,1997,Belgium,Bruxelles,36.0,10,0.0,360.0,7.87,2833.2
10530-17,10530,PICCO,17,6,1997-05-08,1997,Austria,Salzburg,39.0,40,0.0,1560.0,7.87,12277.2
10530-43,10530,PICCO,43,1,1997-05-08,1997,Austria,Salzburg,46.0,25,0.0,1150.0,7.87,9050.5
10530-61,10530,PICCO,61,2,1997-05-08,1997,Austria,Salzburg,28.5,20,0.0,570.0,7.87,4485.9
10530-76,10530,PICCO,76,1,1997-05-08,1997,Austria,Salzburg,18.0,50,0.0,900.0,7.87,7083.0
10531-59,10531,OCEAN,59,4,1997-05-08,1997,Argentina,Buenos Aires,55.0,2,0.0,110.0,7.87,865.7
10532-30,10532,EASTC,30,8,1997-05-09,1997,UK,London,25.89,15,0.0,388.35,7.87,3056.3145000000004
10532-66,10532,EASTC,66,2,1997-05-09,1997,UK,London,17.0,24,0.0,408.0,7.87,3210.96
10533-4,10533,FOLKO,4,2,1997-05-12,1997,Sweden,Bräcke,22.0,50,0.05,1045.0,7.87,8224.15
10533-72,10533,FOLKO,72,4,1997-05-12,1997,Sweden,Bräcke,34.8,24,0.0,835.1999999999999,7.87,6573.023999999999
10533-73,10533,FOLKO,73,8,1997-05-12,1997,Sweden,Bräcke,15.0,24,0.05,342.0,7.87,2691.54
10534-30,10534,LEHMS,30,8,1997-05-12,1997,Germany,Frankfurt a.M.,25.89,10,0.0,258.9,7.87,2037.543
10534-40,10534,LEHMS,40,8,1997-05-12,1997,Germany,Frankfurt a.M.,18.4,10,0.2,147.20000000000002,7.87,1158.4640000000002
10534-54,10534,LEHMS,54,6,1997-05-12,1997,Germany,Frankfurt a.M.,7.45,10,0.2,59.6,7.87,469.052
10535-11,10535,ANTON,11,4,1997-05-13,1997,Mexico,México D.F.,21.0,50,0.1,945.0,7.87,7437.150000000001
10535-40,10535,ANTON,40,8,1997-05-13,1997,Mexico,México D.F.,18.4,10,0.1,165.6,7.87,1303.272
10535-57,10535,ANTON,57,5,1997-05-13,1997,Mexico,México D.F.,19.5,5,0.1,87.75,7.87,690.5925
10535-59,10535,ANTON,59,4,1997-05-13,1997,Mexico,México D.F.,55.0,15,0.1,742.5,7.87,5843.475
10536-12,10536,LEHMS,12,4,1997-05-14,1997,Germany,Frankfurt a.M.,38.0,15,0.25,427.5,7.87,3364.425
10536-31,10536,LEHMS,31,4,1997-05-14,1997,Germany,Frankfurt a.M.,12.5,20,0.0,250.0,7.87,1967.5
10536-33,10536,LEHMS,33,4,1997-05-14,1997,Germany,Frankfurt a.M.,2.5,30,0.0,75.0,7.87,590.25
10536-60,10536,LEHMS,60,4,1997-05-14,1997,Germany,Frankfurt a.M.,34.0,35,0.25,892.5,7.87,7023.975
10537-31,10537,RICSU,31,4,1997-05-14,1997,Switzerland,Genève,12.5,30,0.0,375.0,7.87,2951.25
10537-51,10537,RICSU,51,7,1997-05-14,1997,Switzerland,Genève,53.0,6,0.0,318.0,7.87,2502.66
10537-58,10537,RICSU,58,8,1997-05-14,1997,Switzerland,Genève,13.25,20,0.0,265.0,7.87,2085.55
10537-72,10537,RICSU,72,4,1997-05-14,1997,Switzerland,Genève,34.8,21,0.0,730.8,7.87,5751.396
10537-73,10537,RICSU,73,8,1997-05-14,1997,Switzerland,Genève,15.0,9,0.0,135.0,7.87,1062.45
10538-70,10538,BSBEV,70,1,1997-05-15,1997,UK,London,15.0,7,0.0,105.0,7.87,826.35
10538-72,10538,BSBEV,72,4,1997-05-15,1997,UK,London,34.8,1,0.0,34.8,7.87,273.876
10539-13,10539,BSBEV,13,8,1997-05-16,1997,UK,London,6.0,8,0.0,48.0,7.87,377.76
10539-21,10539,BSBEV,21,3,1997-05-16,1997,UK,London,10.0,15,0.0,150.0,7.87,1180.5
10539-33,10539,BSBEV,33,4,1997-05-16,1997,UK,London,2.5,15,0.0,37.5,7.87,295.125
10539-49,10539,BSBEV,49,3,1997-05-16,1997,UK,London,20.0,6,0.0,120.0,7.87,944.4
10540-3,10540,QUICK,3,2,1997-05-19,1997,Germany,Cunewalde,10.0,60,0.0,600.0,7.87,4722.0
10540-26,10540,QUICK,26,3,1997-05-19,1997,Germany,Cunewalde,31.23,40,0.0,1249.2,7.87,9831.204
10540-38,10540,QUICK,38,1,1997-05-19,1997,Germany,Cunewalde,263.5,30,0.0,7905.0,7.87,62212.35
10540-68,10540,QUICK,68,3,1997-05-19,1997,Germany,Cunewalde,12.5,35,0.0,437.5,7.87,3443.125
10541-24,10541,HANAR,24,1,1997-05-19,1997,Brazil,Rio de Janeiro,4.5,35,0.1,141.75,7.87,1115.5725
10541-38,10541,HANAR,38,1,1997-05-19,1997,Brazil,Rio de Janeiro,263.5,4,0.1,948.6,7.87,7465.482
10541-65,10541,HANAR,65,2,1997-05-19,1997,Brazil,Rio de Janeiro,21.05,36,0.1,682.0200000000001,7.87,5367.497400000001
10541-71,10541,HANAR,71,4,1997-05-19,1997,Brazil,Rio de Janeiro,21.5,9,0.1,174.15,7.87,1370.5605
10542-11,10542,KOENE,11,4,1997-05-20,1997,Germany,Brandenburg,21.0,15,0.05,299.25,7.87,2355.0975
10542-54,10542,KOENE,54,6,1997-05-20,1997,Germany,Brandenburg,7.45,24,0.05,169.86,7.87,1336.7982000000002
10543-12,10543,LILAS,12,4,1997-05-21,1997,Venezuela,Barquisimeto,38.0,30,0.15,969.0,7.87,7626.03
10543-23,10543,LILAS,23,5,1997-05-21,1997,Venezuela,Barquisimeto,9.0,70,0.15,535.5,7.87,4214.385
10544-28,10544,LONEP,28,7,1997-05-21,1997,USA,Portland,45.6,7,0.0,319.2,7.87,2512.104
10544-67,10544,LONEP,67,1,1997-05-21,1997,USA,Portland,14.0,7,0.0,98.0,7.87,771.26
10545-11,10545,LAZYK,11,4,1997-05-22,1997,USA,Walla Walla,21.0,10,0.0,210.0,7.87,1652.7
10546-7,10546,VICTE,7,7,1997-05-23,1997,France,Lyon,30.0,10,0.0,300.0,7.87,2361.0
10546-35,10546,VICTE,35,1,1997-05-23,1997,France,Lyon,18.0,30,0.0,540.0,7.87,4249.8
10546-62,10546,VICTE,62,3,1997-05-23,1997,France,Lyon,49.3,40,0.0,1972.0,7.87,15519.64
10547-32,10547,SEVES,32,4,1997-05-23,1997,UK,London,32.0,24,0.15,652.8,7.87,5137.536
10547-36,10547,SEVES,36,8,1997-05-23,1997,UK,London,19.0,60,0.0,1140.0,7.87,8971.8
10548-34,10548,TOMSP,34,1,1997-05-26,1997,Germany,Münster,14.0,10,0.25,105.0,7.87,826.35
10548-41,10548,TOMSP,41,8,1997-05-26,1997,Germany,Münster,9.65,14,0.0,135.1,7.87,1063.237
10549-31,10549,QUICK,31,4,1997-05-27,1997,Germany,Cunewalde,12.5,55,0.15,584.375,7.87,4599.03125
10549-45,10549,QUICK,45,8,1997-05-27,1997,Germany,Cunewalde,9.5,100,0.15,807.5,7.87,6355.025
10549-51,10549,QUICK,51,7,1997-05-27,1997,Germany,Cunewalde,53.0,48,0.15,2162.4,7.87,17018.088
10550-17,10550,GODOS,17,6,1997-05-28,1997,Spain,Sevilla,39.0,8,0.1,280.8,7.87,2209.896
10550-19,10550,GODOS,19,3,1997-05-28,1997,Spain,Sevilla,9.2,10,0.0,92.0,7.87,724.04
10550-21,10550,GODOS,21,3,1997-05-28,1997,Spain,Sevilla,10.0,6,0.1,54.0,7.87,424.98
10550-61,10550,GODOS,61,2,1997-05-28,1997,Spain,Sevilla,28.5,10,0.1,256.5,7.87,2018.655
10551-16,10551,FURIB,16,3,1997-05-28,1997,Portugal,Lisboa,17.45,40,0.15,593.3,7.87,4669.271
10551-35,10551,FURIB,35,1,1997-05-28,1997,Portugal,Lisboa,18.0,20,0.15,306.0,7.87,2408.2200000000003
10551-44,10551,FURIB,44,2,1997-05-28,1997,Portugal,Lisboa,19.45,40,0.0,778.0,7.87,6122.86
10552-69,10552,HILAA,69,4,1997-05-29,1997,Venezuela,San Cristóbal,36.0,18,0.0,648.0,7.87,5099.76
10552-75,10552,HILAA,75,1,1997-05-29,1997,Venezuela,San Cristóbal,7.75,30,0.0,232.5,7.87,1829.775
10553-11,10553,WARTH,11,4,1997-05-30,1997,Finland,Oulu,21.0,15,0.0,315.0,7.87,2479.05
10553-16,10553,WARTH,16,3,1997-05-30,1997,Finland,Oulu,17.45,14,0.0,244.29999999999998,7.87,1922.6409999999998
10553-22,10553,WARTH,22,5,1997-05-30,1997,Finland,Oulu,21.0,24,0.0,504.0,7.87,3966.48
10553-31,10553,WARTH,31,4,1997-05-30,1997,Finland,Oulu,12.5,30,0.0,375.0,7.87,2951.25
10553-35,10553,WARTH,35,1,1997-05-30,1997,Finland,Oulu,18.0,6,0.0,108.0,7.87,849.96
10554-16,10554,OTTIK,16,3,1997-05-30,1997,Germany,Köln,17.45,30,0.05,497.325,7.87,3913.94775
10554-23,10554,OTTIK,23,5,1997-05-30,1997,Germany,Köln,9.0,20,0.05,171.0,7.87,1345.77
10554-62,10554,OTTIK,62,3,1997-05-30,1997,Germany,Köln,49.3,20,0.05,936.6999999999999,7.87,7371.829
10554-77,10554,OTTIK,77,2,1997-05-30,1997,Germany,Köln,13.0,10,0.05,123.5,7.87,971.945
10555-14,10555,SAVEA,14,7,1997-06-02,1997,USA,Boise,23.25,30,0.2,558.0,7.87,4391.46
10555-19,10555,SAVEA,19,3,1997-06-02,1997,USA,Boise,9.2,35,0.2,257.6,7.87,2027.3120000000001
10555-24,10555,SAVEA,24,1,1997-06-02,1997,USA,Boise,4.5,18,0.2,64.8,7.87,509.976
10555-51,10555,SAVEA,51,7,1997-06-02,1997,USA,Boise,53.0,20,0.2,848.0,7.87,6673.76
10555-56,10555,SAVEA,56,5,1997-06-02,1997,USA,Boise,38.0,40,0.2,1216.0,7.87,9569.92
10556-72,10556,SIMOB,72,4,1997-06-03,1997,Denmark,Kobenhavn,34.8,24,0.0,835.1999999999999,7.87,6573.023999999999
10557-64,10557,LEHMS,64,5,1997-06-03,1997,Germany,Frankfurt a.M.,33.25,30,0.0,997.5,7.87,7850.325
10557-75,10557,LEHMS,75,1,1997-06-03,1997,Germany,Frankfurt a.M.,7.75,20,0.0,155.0,7.87,1219.85
10558-47,10558,AROUT,47,3,1997-06-04,1997,UK,Colchester,9.5,25,0.0,237.5,7.87,1869.125
10558-51,10558,AROUT,51,7,1997-06-04,1997,UK,Colchester,53.0,20,0.0,1060.0,7.87,8342.2
10558-52,10558,AROUT,52,5,1997-06-04,1997,UK,Colchester,7.0,30,0.0,210.0,7.87,1652.7
10558-53,10558,AROUT,53,6,1997-06-04,1997,UK,Colchester,32.8,18,0.0,590.4,7.87,4646.448
10558-73,10558,AROUT,73,8,1997-06-04,1997,UK,Colchester,15.0,3,0.0,45.0,7.87,354.15
10559-41,10559,BLONP,41,8,1997-06-05,1997,France,Strasbourg,9.65,12,0.05,110.01,7.87,865.7787000000001
10559-55,10559,BLONP,55,6,1997-06-05,1997,France,Strasbourg,24.0,18,0.05,410.4,7.87,3229.848
10560-30,10560,FRANK,30,8,1997-06-06,1997,Germany,München,25.89,20,0.0,517.8,7.87,4075.086
10560-62,10560,FRANK,62,3,1997-06-06,1997,Germany,München,49.3,15,0.25,554.625,7.87,4364.89875
10561-44,10561,FOLKO,44,2,1997-06-06,1997,Sweden,Bräcke,19.45,10,0.0,194.5,7.87,1530.715
10561-51,10561,FOLKO,51,7,1997-06-06,1997,Sweden,Bräcke,53.0,50,0.0,2650.0,7.87,20855.5
10562-33,10562,REGGC,33,4,1997-06-09,1997,Italy,Reggio Emilia,2.5,20,0.1,45.0,7.87,354.15
10562-62,10562,REGGC,62,3,1997-06-09,1997,Italy,Reggio Emilia,49.3,10,0.1,443.7,7.87,3491.919
10563-36,10563,RICAR,36,8,1997-06-10,1997,Brazil,Rio de Janeiro,19.0,25,0.0,475.0,7.87,3738.25
10563-52,10563,RICAR,52,5,1997-06-10,1997,Brazil,Rio de Janeiro,7.0,70,0.0,490.0,7.87,3856.3
10564-17,10564,RATTC,17,6,1997-06-10,1997,USA,Albuquerque,39.0,16,0.05,592.8,7.87,4665.335999999999
10564-31,10564,RATTC,31,4,1997-06-10,1997,USA,Albuquerque,12.5,6,0.05,71.25,7.87,560.7375
10564-55,10564,RATTC,55,6,1997-06-10,1997,USA,Albuquerque,24.0,25,0.05,570.0,7.87,4485.9
10565-24,10565,MEREP,24,1,1997-06-11,1997,Canada,Montréal,4.5,25,0.1,101.25,7.87,796.8375
10565-64,10565,MEREP,64,5,1997-06-11,1997,Canada,Montréal,33.25,18,0.1,538.65,7.87,4239.1755
10566-11,10566,BLONP,11,4,1997-06-12,1997,France,Strasbourg,21.0,35,0.15,624.75,7.87,4916.7825
10566-18,10566,BLONP,18,8,1997-06-12,1997,France,Strasbourg,62.5,18,0.15,956.25,7.87,7525.6875
10566-76,10566,BLONP,76,1,1997-06-12,1997,France,Strasbourg,18.0,10,0.0,180.0,7.87,1416.6
10567-31,10567,HUNGO,31,4,1997-06-12,1997,Ireland,Cork,12.5,60,0.2,600.0,7.87,4722.0
10567-51,10567,HUNGO,51,7,1997-06-12,1997,Ireland,Cork,53.0,3,0.0,159.0,7.87,1251.33
10567-59,10567,HUNGO,59,4,1997-06-12,1997,Ireland,Cork,55.0,40,0.2,1760.0,7.87,13851.2
10568-10,10568,GALED,10,8,1997-06-13,1997,Spain,Barcelona,31.0,5,0.0,155.0,7.87,1219.85
10569-31,10569,RATTC,31,4,1997-06-16,1997,USA,Albuquerque,12.5,35,0.2,350.0,7.87,2754.5
10569-76,10569,RATTC,76,1,1997-06-16,1997,USA,Albuquerque,18.0,30,0.0,540.0,7.87,4249.8
10570-11,10570,MEREP,11,4,1997-06-17,1997,Canada,Montréal,21.0,15,0.05,299.25,7.87,2355.0975
10570-56,10570,MEREP,56,5,1997-06-17,1997,Canada,Montréal,38.0,60,0.05,2166.0,7.87,17046.420000000002
10571-14,10571,ERNSH,14,7,1997-06-17,1997,Austria,Graz,23.25,11,0.15,217.3875,7.87,1710.8396249999998
10571-42,10571,ERNSH,42,5,1997-06-17,1997,Austria,Graz,14.0,28,0.15,333.2,7.87,2622.284
10572-16,10572,BERGS,16,3,1997-06-18,1997,Sweden,Luleå,17.45,12,0.1,188.45999999999998,7.87,1483.1801999999998
10572-32,10572,BERGS,32,4,1997-06-18,1997,Sweden,Luleå,32.0,10,0.1,288.0,7.87,2266.56
10572-40,10572,BERGS,40,8,1997-06-18,1997,Sweden,Luleå,18.4,50,0.0,919.9999999999999,7.87,7240.4
10572-75,10572,BERGS,75,1,1997-06-18,1997,Sweden,Luleå,7.75,15,0.1,104.625,7.87,823.3987500000001
10573-17,10573,ANTON,17,6,1997-06-19,1997,Mexico,México D.F.,39.0,18,0.0,702.0,7.87,5524.74
10573-34,10573,ANTON,34,1,1997-06-19,1997,Mexico,México D.F.,14.0,40,0.0,560.0,7.87,4407.2
10573-53,10573,ANTON,53,6,1997-06-19,1997,Mexico,México D.F.,32.8,25,0.0,819.9999999999999,7.87,6453.4
10574-33,10574,TRAIH,33,4,1997-06-19,1997,USA,Kirkland,2.5,14,0.0,35.0,7.87,275.45
10574-40,10574,TRAIH,40,8,1997-06-19,1997,USA,Kirkland,18.4,2,0.0,36.8,7.87,289.616
10574-62,10574,TRAIH,62,3,1997-06-19,1997,USA,Kirkland,49.3,10,0.0,493.0,7.87,3879.91
10574-64,10574,TRAIH,64,5,1997-06-19,1997,USA,Kirkland,33.25,6,0.0,199.5,7.87,1570.065
10575-59,10575,MORGK,59,4,1997-06-20,1997,Germany,Leipzig,55.0,12,0.0,660.0,7.87,5194.2
10575-63,10575,MORGK,63,2,1997-06-20,1997,Germany,Leipzig,43.9,6,0.0,263.4,7.87,2072.9579999999996
10575-72,10575,MORGK,72,4,1997-06-20,1997,Germany,Leipzig,34.8,30,0.0,1044.0,7.87,8216.28
10575-76,10575,MORGK,76,1,1997-06-20,1997,Germany,Leipzig,18.0,10,0.0,180.0,7.87,1416.6
10576-1,10576,TORTU,1,1,1997-06-23,1997,Mexico,México D.F.,18.0,10,0.0,180.0,7.87,1416.6
10576-31,10576,TORTU,31,4,1997-06-23,1997,Mexico,México D.F.,12.5,20,0.0,250.0,7.87,1967.5
10576-44,10576,TORTU,44,2,1997-06-23,1997,Mexico,México D.F.,19.45,21,0.0,408.45,7.87,3214.5015
10577-39,10577,TRAIH,39,1,1997-06-23,1997,USA,Kirkland,18.0,10,0.0,180.0,7.87,1416.6
10577-75,10577,TRAIH,75,1,1997-06-23,1997,USA,Kirkland,7.75,20,0.0,155.0,7.87,1219.85
10577-77,10577,TRAIH,77,2,1997-06-23,1997,USA,Kirkland,13.0,18,0.0,234.0,7.87,1841.58
10578-35,10578,BSBEV,35,1,1997-06-24,1997,UK,London,18.0,20,0.0,360.0,7.87,2833.2
10578-57,10578,BSBEV,57,5,1997-06-24,1997,UK,London,19.5,6,0.0,117.0,7.87,920.79
10579-15,10579,LETSS,15,2,1997-06-25,1997,USA,San Francisco,15.5,10,0.0,155.0,7.87,1219.85
10579-75,10579,LETSS,75,1,1997-06-25,1997,USA,San Francisco,7.75,21,0.0,162.75,7.87,1280.8425
10580-14,10580,OTTIK,14,7,1997-06-26,1997,Germany,Köln,23.25,15,0.05,331.3125,7.87,2607.429375
10580-41,10580,OTTIK,41,8,1997-06-26,1997,Germany,Köln,9.65,9,0.05,82.50750000000001,7.87,649.3340250000001
10580-65,10580,OTTIK,65,2,1997-06-26,1997,Germany,Köln,21.05,30,0.05,599.925,7.87,4721.40975
10581-75,10581,FAMIA,75,1,1997-06-26,1997,Brazil,Sao Paulo,7.75,50,0.2,310.0,7.87,2439.7
10582-57,10582,BLAUS,57,5,1997-06-27,1997,Germany,Mannheim,19.5,4,0.0,78.0,7.87,613.86
10582-76,10582,BLAUS,76,1,1997-06-27,1997,Germany,Mannheim,18.0,14,0.0,252.0,7.87,1983.24
10583-29,10583,WARTH,29,6,1997-06-30,1997,Finland,Oulu,123.79,10,0.0,1237.9,7.87,9742.273000000001
10583-60,10583,WARTH,60,4,1997-06-30,1997,Finland,Oulu,34.0,24,0.15,693.6,7.87,5458.6320000000005
10583-69,10583,WARTH,69,4,1997-06-30,1997,Finland,Oulu,36.0,10,0.15,306.0,7.87,2408.2200000000003
10584-31,10584,BLONP,31,4,1997-06-30,1997,France,Strasbourg,12.5,50,0.05,593.75,7.87,4672.8125
10585-47,10585,WELLI,47,3,1997-07-01,1997,Brazil,Resende,9.5,15,0.0,142.5,7.87,1121.475
10586-52,10586,REGGC,52,5,1997-07-02,1997,Italy,Reggio Emilia,7.0,4,0.15,23.8,7.87,187.306
10587-26,10587,QUEDE,26,3,1997-07-02,1997,Brazil,Rio de Janeiro,31.23,6,0.0,187.38,7.87,1474.6806
10587-35,10587,QUEDE,35,1,1997-07-02,1997,Brazil,Rio de Janeiro,18.0,20,0.0,360.0,7.87,2833.2
10587-77,10587,QUEDE,77,2,1997-07-02,1997,Brazil,Rio de Janeiro,13.0,20,0.0,260.0,7.87,2046.2
10588-18,10588,QUICK,18,8,1997-07-03,1997,Germany,Cunewalde,62.5,40,0.2,2000.0,7.87,15740.0
10588-42,10588,QUICK,42,5,1997-07-03,1997,Germany,Cunewalde,14.0,100,0.2,1120.0,7.87,8814.4
10589-35,10589,GREAL,35,1,1997-07-04,1997,USA,Eugene,18.0,4,0.0,72.0,7.87,566.64
10590-1,10590,MEREP,1,1,1997-07-07,1997,Canada,Montréal,18.0,20,0.0,360.0,7.87,2833.2
10590-77,10590,MEREP,77,2,1997-07-07,1997,Canada,Montréal,13.0,60,0.05,741.0,7.87,5831.67
10591-3,10591,VAFFE,3,2,1997-07-07,1997,Denmark,Århus,10.0,14,0.0,140.0,7.87,1101.8
10591-7,10591,VAFFE,7,7,1997-07-07,1997,Denmark,Århus,30.0,10,0.0,300.0,7.87,2361.0
10591-54,10591,VAFFE,54,6,1997-07-07,1997,Denmark,Århus,7.45,50,0.0,372.5,7.87,2931.575
10592-15,10592,LEHMS,15,2,1997-07-08,1997,Germany,Frankfurt a.M.,15.5,25,0.05,368.125,7.87,2897.14375
10592-26,10592,LEHMS,26,3,1997-07-08,1997,Germany,Frankfurt a.M.,31.23,5,0.05,148.3425,7.87,1167.455475
10593-20,10593,LEHMS,20,3,1997-07-09,1997,Germany,Frankfurt a.M.,81.0,21,0.2,1360.8000000000002,7.87,10709.496000000001
10593-69,10593,LEHMS,69,4,1997-07-09,1997,Germany,Frankfurt a.M.,36.0,20,0.2,576.0,7.87,4533.12
10593-76,10593,LEHMS,76,1,1997-07-09,1997,Germany,Frankfurt a.M.,18.0,4,0.2,57.6,7.87,453.312
10594-52,10594,OLDWO,52,5,1997-07-09,1997,USA,Anchorage,7.0,24,0.0,168.0,7.87,1322.16
10594-58,10594,OLDWO,58,8,1997-07-09,1997,USA,Anchorage,13.25,30,0.0,397.5,7.87,3128.325
10595-35,10595,ERNSH,35,1,1997-07-10,1997,Austria,Graz,18.0,30,0.25,405.0,7.87,3187.35
10595-61,10595,ERNSH,61,2,1997-07-10,1997,Austria,Graz,28.5,120,0.25,2565.0,7.87,20186.55
10595-69,10595,ERNSH,69,4,1997-07-10,1997,Austria,Graz,36.0,65,0.25,1755.0,7.87,13811.85
10596-56,10596,WHITC,56,5,1997-07-11,1997,USA,Seattle,38.0,5,0.2,152.0,7.87,1196.24
10596-63,10596,WHITC,63,2,1997-07-11,1997,USA,Seattle,43.9,24,0.2,842.88,7.87,6633.4656
10596-75,10596,WHITC,75,1,1997-07-11,1997,USA,Seattle,7.75,30,0.2,186.0,7.87,1463.82
10597-24,10597,PICCO,24,1,1997-07-11,1997,Austria,Salzburg,4.5,35,0.2,126.0,7.87,991.62
10597-57,10597,PICCO,57,5,1997-07-11,1997,Austria,Salzburg,19.5,20,0.0,390.0,7.87,3069.3
10597-65,10597,PICCO,65,2,1997-07-11,1997,Austria,Salzburg,21.05,12,0.2,202.08000000000004,7.87,1590.3696000000004
10598-27,10598,RATTC,27,3,1997-07-14,1997,USA,Albuquerque,43.9,50,0.0,2195.0,7.87,17274.65
10598-71,10598,RATTC,71,4,1997-07-14,1997,USA,Albuquerque,21.5,9,0.0,193.5,7.87,1522.845
10599-62,10599,BSBEV,62,3,1997-07-15,1997,UK,London,49.3,10,0.0,493.0,7.87,3879.91
10600-54,10600,HUNGC,54,6,1997-07-16,1997,USA,Elgin,7.45,4,0.0,29.8,7.87,234.526
10600-73,10600,HUNGC,73,8,1997-07-16,1997,USA,Elgin,15.0,30,0.0,450.0,7.87,3541.5
10601-13,10601,HILAA,13,8,1997-07-16,1997,Venezuela,San Cristóbal,6.0,60,0.0,360.0,7.87,2833.2
10601-59,10601,HILAA,59,4,1997-07-16,1997,Venezuela,San Cristóbal,55.0,35,0.0,1925.0,7.87,15149.75
10602-77,10602,VAFFE,77,2,1997-07-17,1997,Denmark,Århus,13.0,5,0.25,48.75,7.87,383.6625
10603-22,10603,SAVEA,22,5,1997-07-18,1997,USA,Boise,21.0,48,0.0,1008.0,7.87,7932.96
10603-49,10603,SAVEA,49,3,1997-07-18,1997,USA,Boise,20.0,25,0.05,475.0,7.87,3738.25
10604-48,10604,FURIB,48,3,1997-07-18,1997,Portugal,Lisboa,12.75,6,0.1,68.85000000000001,7.87,541.8495
10604-76,10604,FURIB,76,1,1997-07-18,1997,Portugal,Lisboa,18.0,10,0.1,162.0,7.87,1274.94
10605-16,10605,MEREP,16,3,1997-07-21,1997,Canada,Montréal,17.45,30,0.05,497.325,7.87,3913.94775
10605-59,10605,MEREP,59,4,1997-07-21,1997,Canada,Montréal,55.0,20,0.05,1045.0,7.87,8224.15
10605-60,10605,MEREP,60,4,1997-07-21,1997,Canada,Montréal,34.0,70,0.05,2261.0,7.87,17794.07
10605-71,10605,MEREP,71,4,1997-07-21,1997,Canada,Montréal,21.5,15,0.05,306.375,7.87,2411.17125
10606-4,10606,TRADH,4,2,1997-07-22,1997,Brazil,Sao Paulo,22.0,20,0.2,352.0,7.87,2770.2400000000002
10606-55,10606,TRADH,55,6,1997-07-22,1997,Brazil,Sao Paulo,24.0,20,0.2,384.0,7.87,3022.08
10606-62,10606,TRADH,62,3,1997-07-22,1997,Brazil,Sao Paulo,49.3,10,0.2,394.40000000000003,7.87,3103.9280000000003
10607-7,10607,SAVEA,7,7,1997-07-22,1997,USA,Boise,30.0,45,0.0,1350.0,7.87,10624.5
10607-17,10607,SAVEA,17,6,1997-07-22,1997,USA,Boise,39.0,100,0.0,3900.0,7.87,30693.0
10607-33,10607,SAVEA,33,4,1997-07-22,1997,USA,Boise,2.5,14,0.0,35.0,7.87,275.45
10607-40,10607,SAVEA,40,8,1997-07-22,1997,USA,Boise,18.4,42,0.0,772.8,7.87,6081.936
10607-72,10607,SAVEA,72,4,1997-07-22,1997,USA,Boise,34.8,12,0.0,417.59999999999997,7.87,3286.5119999999997
10608-56,10608,TOMSP,56,5,1997-07-23,1997,Germany,Münster,38.0,28,0.0,1064.0,7.87,8373.68
10609-1,10609,DUMON,1,1,1997-07-24,1997,France,Nantes,18.0,3,0.0,54.0,7.87,424.98
10609-10,10609,DUMON,10,8,1997-07-24,1997,France,Nantes,31.0,10,0.0,310.0,7.87,2439.7
10609-21,10609,DUMON,21,3,1997-07-24,1997,France,Nantes,10.0,6,0.0,60.0,7.87,472.2
10610-36,10610,LAMAI,36,8,1997-07-25,1997,France,Toulouse,19.0,21,0.25,299.25,7.87,2355.0975
10611-1,10611,WOLZA,1,1,1997-07-25,1997,Poland,Warszawa,18.0,6,0.0,108.0,7.87,849.96
10611-2,10611,WOLZA,2,1,1997-07-25,1997,Poland,Warszawa,19.0,10,0.0,190.0,7.87,1495.3
10611-60,10611,WOLZA,60,4,1997-07-25,1997,Poland,Warszawa,34.0,15,0.0,510.0,7.87,4013.7000000000003
10612-10,10612,SAVEA,10,8,1997-07-28,1997,USA,Boise,31.0,70,0.0,2170.0,7.87,17077.9
10612-36,10612,SAVEA,36,8,1997-07-28,1997,USA,Boise,19.0,55,0.0,1045.0,7.87,8224.15
10612-49,10612,SAVEA,49,3,1997-07-28,1997,USA,Boise,20.0,18,0.0,360.0,7.87,2833.2
10612-60,10612,SAVEA,60,4,1997-07-28,1997,USA,Boise,34.0,40,0.0,1360.0,7.87,10703.2
10612-76,10612,SAVEA,76,1,1997-07-28,1997,USA,Boise,18.0,80,0.0,1440.0,7.87,11332.8
10613-13,10613,HILAA,13,8,1997-07-29,1997,Venezuela,San Cristóbal,6.0,8,0.1,43.2,7.87,339.98400000000004
10613-75,10613,HILAA,75,1,1997-07-29,1997,Venezuela,San Cristóbal,7.75,40,0.0,310.0,7.87,2439.7
10614-11,10614,BLAUS,11,4,1997-07-29,1997,Germany,Mannheim,21.0,14,0.0,294.0,7.87,2313.78
10614-21,10614,BLAUS,21,3,1997-07-29,1997,Germany,Mannheim,10.0,8,0.0,80.0,7.87,629.6
10614-39,10614,BLAUS,39,1,1997-07-29,1997,Germany,Mannheim,18.0,5,0.0,90.0,7.87,708.3
10615-55,10615,WILMK,55,6,1997-07-30,1997,Finland,Helsinki,24.0,5,0.0,120.0,7.87,944.4
10616-38,10616,GREAL,38,1,1997-07-31,1997,USA,Eugene,263.5,15,0.05,3754.875,7.87,29550.86625
10616-56,10616,GREAL,56,5,1997-07-31,1997,USA,Eugene,38.0,14,0.0,532.0,7.87,4186.84
10616-70,10616,GREAL,70,1,1997-07-31,1997,USA,Eugene,15.0,15,0.05,213.75,7.87,1682.2125
10616-71,10616,GREAL,71,4,1997-07-31,1997,USA,Eugene,21.5,15,0.05,306.375,7.87,2411.17125
10617-59,10617,GREAL,59,4,1997-07-31,1997,USA,Eugene,55.0,30,0.15,1402.5,7.87,11037.675
10618-6,10618,MEREP,6,2,1997-08-01,1997,Canada,Montréal,25.0,70,0.0,1750.0,7.87,13772.5
10618-56,10618,MEREP,56,5,1997-08-01,1997,Canada,Montréal,38.0,20,0.0,760.0,7.87,5981.2
10618-68,10618,MEREP,68,3,1997-08-01,1997,Canada,Montréal,12.5,15,0.0,187.5,7.87,1475.625
10619-21,10619,MEREP,21,3,1997-08-04,1997,Canada,Montréal,10.0,42,0.0,420.0,7.87,3305.4
10619-22,10619,MEREP,22,5,1997-08-04,1997,Canada,Montréal,21.0,40,0.0,840.0,7.87,6610.8
10620-24,10620,LAUGB,24,1,1997-08-05,1997,Canada,Vancouver,4.5,5,0.0,22.5,7.87,177.075
10620-52,10620,LAUGB,52,5,1997-08-05,1997,Canada,Vancouver,7.0,5,0.0,35.0,7.87,275.45
10621-19,10621,ISLAT,19,3,1997-08-05,1997,UK,Cowes,9.2,5,0.0,46.0,7.87,362.02
10621-23,10621,ISLAT,23,5,1997-08-05,1997,UK,Cowes,9.0,10,0.0,90.0,7.87,708.3
10621-70,10621,ISLAT,70,1,1997-08-05,1997,UK,Cowes,15.0,20,0.0,300.0,7.87,2361.0
10621-71,10621,ISLAT,71,4,1997-08-05,1997,UK,Cowes,21.5,15,0.0,322.5,7.87,2538.075
10622-2,10622,RICAR,2,1,1997-08-06,1997,Brazil,Rio de Janeiro,19.0,20,0.0,380.0,7.87,2990.6
10622-68,10622,RICAR,68,3,1997-08-06,1997,Brazil,Rio de Janeiro,12.5,18,0.2,180.0,7.87,1416.6
10623-14,10623,FRANK,14,7,1997-08-07,1997,Germany,München,23.25,21,0.0,488.25,7.87,3842.5275
10623-19,10623,FRANK,19,3,1997-08-07,1997,Germany,München,9.2,15,0.1,124.2,7.87,977.4540000000001
10623-21,10623,FRANK,21,3,1997-08-07,1997,Germany,München,10.0,25,0.1,225.0,7.87,1770.75
10623-24,10623,FRANK,24,1,1997-08-07,1997,Germany,München,4.5,3,0.0,13.5,7.87,106.245
10623-35,10623,FRANK,35,1,1997-08-07,1997,Germany,München,18.0,30,0.1,486.0,7.87,3824.82
10624-28,10624,THECR,28,7,1997-08-07,1997,USA,Butte,45.6,10,0.0,456.0,7.87,3588.7200000000003
10624-29,10624,THECR,29,6,1997-08-07,1997,USA,Butte,123.79,6,0.0,742.74,7.87,5845.3638
10624-44,10624,THECR,44,2,1997-08-07,1997,USA,Butte,19.45,10,0.0,194.5,7.87,1530.715
10625-14,10625,ANATR,14,7,1997-08-08,1997,Mexico,México D.F.,23.25,3,0.0,69.75,7.87,548.9325
10625-42,10625,ANATR,42,5,1997-08-08,1997,Mexico,México D.F.,14.0,5,0.0,70.0,7.87,550.9
10625-60,10625,ANATR,60,4,1997-08-08,1997,Mexico,México D.F.,34.0,10,0.0,340.0,7.87,2675.8
10626-53,10626,BERGS,53,6,1997-08-11,1997,Sweden,Luleå,32.8,12,0.0,393.59999999999997,7.87,3097.6319999999996
10626-60,10626,BERGS,60,4,1997-08-11,1997,Sweden,Luleå,34.0,20,0.0,680.0,7.87,5351.6
10626-71,10626,BERGS,71,4,1997-08-11,1997,Sweden,Luleå,21.5,20,0.0,430.0,7.87,3384.1
10627-62,10627,SAVEA,62,3,1997-08-11,1997,USA,Boise,49.3,15,0.0,739.5,7.87,5819.865
10627-73,10627,SAVEA,73,8,1997-08-11,1997,USA,Boise,15.0,35,0.15,446.25,7.87,3511.9875
10628-1,10628,BLONP,1,1,1997-08-12,1997,France,Strasbourg,18.0,25,0.0,450.0,7.87,3541.5
10629-29,10629,GODOS,29,6,1997-08-12,1997,Spain,Sevilla,123.79,20,0.0,2475.8,7.87,19484.546000000002
10629-64,10629,GODOS,64,5,1997-08-12,1997,Spain,Sevilla,33.25,9,0.0,299.25,7.87,2355.0975
10630-55,10630,KOENE,55,6,1997-08-13,1997,Germany,Brandenburg,24.0,12,0.05,273.59999999999997,7.87,2153.232
10630-76,10630,KOENE,76,1,1997-08-13,1997,Germany,Brandenburg,18.0,35,0.0,630.0,7.87,4958.1
10631-75,10631,LAMAI,75,1,1997-08-14,1997,France,Toulouse,7.75,8,0.1,55.800000000000004,7.87,439.146
10632-2,10632,WANDK,2,1,1997-08-14,1997,Germany,Stuttgart,19.0,30,0.05,541.5,7.87,4261.6050000000005
10632-33,10632,WANDK,33,4,1997-08-14,1997,Germany,Stuttgart,2.5,20,0.05,47.5,7.87,373.825
10633-12,10633,ERNSH,12,4,1997-08-15,1997,Austria,Graz,38.0,36,0.15,1162.8,7.87,9151.235999999999
10633-13,10633,ERNSH,13,8,1997-08-15,1997,Austria,Graz,6.0,13,0.15,66.3,7.87,521.781
10633-26,10633,ERNSH,26,3,1997-08-15,1997,Austria,Graz,31.23,35,0.15,929.0925,7.87,7311.957975
10633-62,10633,ERNSH,62,3,1997-08-15,1997,Austria,Graz,49.3,80,0.15,3352.4,7.87,26383.388000000003
10634-7,10634,FOLIG,7,7,1997-08-15,1997,France,Lille,30.0,35,0.0,1050.0,7.87,8263.5
10634-18,10634,FOLIG,18,8,1997-08-15,1997,France,Lille,62.5,50,0.0,3125.0,7.87,24593.75
10634-51,10634,FOLIG,51,7,1997-08-15,1997,France,Lille,53.0,15,0.0,795.0,7.87,6256.65
10634-75,10634,FOLIG,75,1,1997-08-15,1997,France,Lille,7.75,2,0.0,15.5,7.87,121.985
10635-4,10635,MAGAA,4,2,1997-08-18,1997,Italy,Bergamo,22.0,10,0.1,198.0,7.87,1558.26
10635-5,10635,MAGAA,5,2,1997-08-18,1997,Italy,Bergamo,21.35,15,0.1,288.225,7.87,2268.33075
10635-22,10635,MAGAA,22,5,1997-08-18,1997,Italy,Bergamo,21.0,40,0.0,840.0,7.87,6610.8
10636-4,10636,WARTH,4,2,1997-08-19,1997,Finland,Oulu,22.0,25,0.0,550.0,7.87,4328.5
10636-58,10636,WARTH,58,8,1997-08-19,1997,Finland,Oulu,13.25,6,0.0,79.5,7.87,625.665
10637-11,10637,QUEEN,11,4,1997-08-19,1997,Brazil,Sao Paulo,21.0,10,0.0,210.0,7.87,1652.7
10637-50,10637,QUEEN,50,3,1997-08-19,1997,Brazil,Sao Paulo,16.25,25,0.05,385.9375,7.87,3037.328125
10637-56,10637,QUEEN,56,5,1997-08-19,1997,Brazil,Sao Paulo,38.0,60,0.05,2166.0,7.87,17046.420000000002
10638-45,10638,LINOD,45,8,1997-08-20,1997,Venezuela,I. de Margarita,9.5,20,0.0,190.0,7.87,1495.3
10638-65,10638,LINOD,65,2,1997-08-20,1997,Venezuela,I. de Margarita,21.05,21,0.0,442.05,7.87,3478.9335
10638-72,10638,LINOD,72,4,1997-08-20,1997,Venezuela,I. de Margarita,34.8,60,0.0,2088.0,7.87,16432.56
10639-18,10639,SANTG,18,8,1997-08-20,1997,Norway,Stavern,62.5,8,0.0,500.0,7.87,3935.0
10640-69,10640,WANDK,69,4,1997-08-21,1997,Germany,Stuttgart,36.0,20,0.25,540.0,7.87,4249.8
10640-70,10640,WANDK,70,1,1997-08-21,1997,Germany,Stuttgart,15.0,15,0.25,168.75,7.87,1328.0625
10641-2,10641,HILAA,2,1,1997-08-22,1997,Venezuela,San Cristóbal,19.0,50,0.0,950.0,7.87,7476.5
10641-40,10641,HILAA,40,8,1997-08-22,1997,Venezuela,San Cristóbal,18.4,60,0.0,1104.0,7.87,8688.48
10642-21,10642,SIMOB,21,3,1997-08-22,1997,Denmark,Kobenhavn,10.0,30,0.2,240.0,7.87,1888.8
10642-61,10642,SIMOB,61,2,1997-08-22,1997,Denmark,Kobenhavn,28.5,20,0.2,456.0,7.87,3588.7200000000003
10643-28,10643,ALFKI,28,7,1997-08-25,1997,Germany,Berlin,45.6,15,0.25,513.0,7.87,4037.31
10643-39,10643,ALFKI,39,1,1997-08-25,1997,Germany,Berlin,18.0,21,0.25,283.5,7.87,2231.145
10643-46,10643,ALFKI,46,8,1997-08-25,1997,Germany,Berlin,12.0,2,0.25,18.0,7.87,141.66
10644-18,10644,WELLI,18,8,1997-08-25,1997,Brazil,Resende,62.5,4,0.1,225.0,7.87,1770.75
10644-43,10644,WELLI,43,1,1997-08-25,1997,Brazil,Resende,46.0,20,0.0,920.0,7.87,7240.400000000001
10644-46,10644,WELLI,46,8,1997-08-25,1997,Brazil,Resende,12.0,21,0.1,226.8,7.87,1784.9160000000002
10645-18,10645,HANAR,18,8,1997-08-26,1997,Brazil,Rio de Janeiro,62.5,20,0.0,1250.0,7.87,9837.5
10645-36,10645,HANAR,36,8,1997-08-26,1997,Brazil,Rio de Janeiro,19.0,15,0.0,285.0,7.87,2242.95
10646-1,10646,HUNGO,1,1,1997-08-27,1997,Ireland,Cork,18.0,15,0.25,202.5,7.87,1593.675
10646-10,10646,HUNGO,10,8,1997-08-27,1997,Ireland,Cork,31.0,18,0.25,418.5,7.87,3293.5950000000003
10646-71,10646,HUNGO,71,4,1997-08-27,1997,Ireland,Cork,21.5,30,0.25,483.75,7.87,3807.1125
10646-77,10646,HUNGO,77,2,1997-08-27,1997,Ireland,Cork,13.0,35,0.25,341.25,7.87,2685.6375
10647-19,10647,QUEDE,19,3,1997-08-27,1997,Brazil,Rio de Janeiro,9.2,30,0.0,276.0,7.87,2172.12
10647-39,10647,QUEDE,39,1,1997-08-27,1997,Brazil,Rio de Janeiro,18.0,20,0.0,360.0,7.87,2833.2
10648-22,10648,RICAR,22,5,1997-08-28,1997,Brazil,Rio de Janeiro,21.0,15,0.0,315.0,7.87,2479.05
10648-24,10648,RICAR,24,1,1997-08-28,1997,Brazil,Rio de Janeiro,4.5,15,0.15,57.375,7.87,451.54125
10649-28,10649,MAISD,28,7,1997-08-28,1997,Belgium,Bruxelles,45.6,20,0.0,912.0,7.87,7177.4400000000005
10649-72,10649,MAISD,72,4,1997-08-28,1997,Belgium,Bruxelles,34.8,15,0.0,522.0,7.87,4108.14
10650-30,10650,FAMIA,30,8,1997-08-29,1997,Brazil,Sao Paulo,25.89,30,0.0,776.7,7.87,6112.629000000001
10650-53,10650,FAMIA,53,6,1997-08-29,1997,Brazil,Sao Paulo,32.8,25,0.05,778.9999999999999,7.87,6130.73
10650-54,10650,FAMIA,54,6,1997-08-29,1997,Brazil,Sao Paulo,7.45,30,0.0,223.5,7.87,1758.945
10651-19,10651,WANDK,19,3,1997-09-01,1997,Germany,Stuttgart,9.2,12,0.25,82.8,7.87,651.636
10651-22,10651,WANDK,22,5,1997-09-01,1997,Germany,Stuttgart,21.0,20,0.25,315.0,7.87,2479.05
10652-30,10652,GOURL,30,8,1997-09-01,1997,Brazil,Campinas,25.89,2,0.25,38.835,7.87,305.63145000000003
10652-42,10652,GOURL,42,5,1997-09-01,1997,Brazil,Campinas,14.0,20,0.0,280.0,7.87,2203.6
10653-16,10653,FRANK,16,3,1997-09-02,1997,Germany,München,17.45,30,0.1,471.15000000000003,7.87,3707.9505000000004
10653-60,10653,FRANK,60,4,1997-09-02,1997,Germany,München,34.0,20,0.1,612.0,7.87,4816.4400000000005
10654-4,10654,BERGS,4,2,1997-09-02,1997,Sweden,Luleå,22.0,12,0.1,237.6,7.87,1869.912
10654-39,10654,BERGS,39,1,1997-09-02,1997,Sweden,Luleå,18.0,20,0.1,324.0,7.87,2549.88
10654-54,10654,BERGS,54,6,1997-09-02,1997,Sweden,Luleå,7.45,6,0.1,40.230000000000004,7.87,316.61010000000005
10655-41,10655,REGGC,41,8,1997-09-03,1997,Italy,Reggio Emilia,9.65,20,0.2,154.4,7.87,1215.1280000000002
10656-14,10656,GREAL,14,7,1997-09-04,1997,USA,Eugene,23.25,3,0.1,62.775,7.87,494.03925
10656-44,10656,GREAL,44,2,1997-09-04,1997,USA,Eugene,19.45,28,0.1,490.14000000000004,7.87,3857.4018000000005
10656-47,10656,GREAL,47,3,1997-09-04,1997,USA,Eugene,9.5,6,0.1,51.300000000000004,7.87,403.73100000000005
10657-15,10657,SAVEA,15,2,1997-09-04,1997,USA,Boise,15.5,50,0.0,775.0,7.87,6099.25
10657-41,10657,SAVEA,41,8,1997-09-04,1997,USA,Boise,9.65,24,0.0,231.60000000000002,7.87,1822.6920000000002
10657-46,10657,SAVEA,46,8,1997-09-04,1997,USA,Boise,12.0,45,0.0,540.0,7.87,4249.8
10657-47,10657,SAVEA,47,3,1997-09-04,1997,USA,Boise,9.5,10,0.0,95.0,7.87,747.65
10657-56,10657,SAVEA,56,5,1997-09-04,1997,USA,Boise,38.0,45,0.0,1710.0,7.87,13457.7
10657-60,10657,SAVEA,60,4,1997-09-04,1997,USA,Boise,34.0,30,0.0,1020.0,7.87,8027.400000000001
10658-21,10658,QUICK,21,3,1997-09-05,1997,Germany,Cunewalde,10.0,60,0.0,600.0,7.87,4722.0
10658-40,10658,QUICK,40,8,1997-09-05,1997,Germany,Cunewalde,18.4,70,0.05,1223.6,7.87,9629.732
10658-60,10658,QUICK,60,4,1997-09-05,1997,Germany,Cunewalde,34.0,55,0.05,1776.5,7.87,13981.055
10658-77,10658,QUICK,77,2,1997-09-05,1997,Germany,Cunewalde,13.0,70,0.05,864.5,7.87,6803.615
10659-31,10659,QUEEN,31,4,1997-09-05,1997,Brazil,Sao Paulo,12.5,20,0.05,237.5,7.87,1869.125
10659-40,10659,QUEEN,40,8,1997-09-05,1997,Brazil,Sao Paulo,18.4,24,0.05,419.5199999999999,7.87,3301.6223999999993
10659-70,10659,QUEEN,70,1,1997-09-05,1997,Brazil,Sao Paulo,15.0,40,0.05,570.0,7.87,4485.9
10660-20,10660,HUNGC,20,3,1997-09-08,1997,USA,Elgin,81.0,21,0.0,1701.0,7.87,13386.87
10661-39,10661,HUNGO,39,1,1997-09-09,1997,Ireland,Cork,18.0,3,0.2,43.2,7.87,339.98400000000004
10661-58,10661,HUNGO,58,8,1997-09-09,1997,Ireland,Cork,13.25,49,0.2,519.4,7.87,4087.678
10662-68,10662,LONEP,68,3,1997-09-09,1997,USA,Portland,12.5,10,0.0,125.0,7.87,983.75
10663-40,10663,BONAP,40,8,1997-09-10,1997,France,Marseille,18.4,30,0.05,524.4,7.87,4127.028
10663-42,10663,BONAP,42,5,1997-09-10,1997,France,Marseille,14.0,30,0.05,399.0,7.87,3140.13
10663-51,10663,BONAP,51,7,1997-09-10,1997,France,Marseille,53.0,20,0.05,1007.0,7.87,7925.09
10664-10,10664,FURIB,10,8,1997-09-10,1997,Portugal,Lisboa,31.0,24,0.15,632.4,7.87,4976.988
10664-56,10664,FURIB,56,5,1997-09-10,1997,Portugal,Lisboa,38.0,12,0.15,387.59999999999997,7.87,3050.412
10664-65,10664,FURIB,65,2,1997-09-10,1997,Portugal,Lisboa,21.05,15,0.15,268.3875,7.87,2112.209625
10665-51,10665,LONEP,51,7,1997-09-11,1997,USA,Portland,53.0,20,0.0,1060.0,7.87,8342.2
10665-59,10665,LONEP,59,4,1997-09-11,1997,USA,Portland,55.0,1,0.0,55.0,7.87,432.85
10665-76,10665,LONEP,76,1,1997-09-11,1997,USA,Portland,18.0,10,0.0,180.0,7.87,1416.6
10666-29,10666,RICSU,29,6,1997-09-12,1997,Switzerland,Genève,123.79,36,0.0,4456.4400000000005,7.87,35072.1828
10666-65,10666,RICSU,65,2,1997-09-12,1997,Switzerland,Genève,21.05,10,0.0,210.5,7.87,1656.635
10667-69,10667,ERNSH,69,4,1997-09-12,1997,Austria,Graz,36.0,45,0.2,1296.0,7.87,10199.52
10667-71,10667,ERNSH,71,4,1997-09-12,1997,Austria,Graz,21.5,14,0.2,240.8,7.87,1895.096
10668-31,10668,WANDK,31,4,1997-09-15,1997,Germany,Stuttgart,12.5,8,0.1,90.0,7.87,708.3
10668-55,10668,WANDK,55,6,1997-09-15,1997,Germany,Stuttgart,24.0,4,0.1,86.4,7.87,679.9680000000001
10668-64,10668,WANDK,64,5,1997-09-15,1997,Germany,Stuttgart,33.25,15,0.1,448.875,7.87,3532.6462500000002
10669-36,10669,SIMOB,36,8,1997-09-15,1997,Denmark,Kobenhavn,19.0,30,0.0,570.0,7.87,4485.9
10670-23,10670,FRANK,23,5,1997-09-16,1997,Germany,München,9.0,32,0.0,288.0,7.87,2266.56
10670-46,10670,FRANK,46,8,1997-09-16,1997,Germany,München,12.0,60,0.0,720.0,7.87,5666.4
10670-67,10670,FRANK,67,1,1997-09-16,1997,Germany,München,14.0,25,0.0,350.0,7.87,2754.5
10670-73,10670,FRANK,73,8,1997-09-16,1997,Germany,München,15.0,50,0.0,750.0,7.87,5902.5
10670-75,10670,FRANK,75,1,1997-09-16,1997,Germany,München,7.75,25,0.0,193.75,7.87,1524.8125
10671-16,10671,FRANR,16,3,1997-09-17,1997,France,Nantes,17.45,10,0.0,174.5,7.87,1373.315
10671-62,10671,FRANR,62,3,1997-09-17,1997,France,Nantes,49.3,10,0.0,493.0,7.87,3879.91
10671-65,10671,FRANR,65,2,1997-09-17,1997,France,Nantes,21.05,12,0.0,252.60000000000002,7.87,1987.9620000000002
10672-38,10672,BERGS,38,1,1997-09-17,1997,Sweden,Luleå,263.5,15,0.1,3557.25,7.87,27995.5575
10672-71,10672,BERGS,71,4,1997-09-17,1997,Sweden,Luleå,21.5,12,0.0,258.0,7.87,2030.46
10673-16,10673,WILMK,16,3,1997-09-18,1997,Finland,Helsinki,17.45,3,0.0,52.349999999999994,7.87,411.99449999999996
10673-42,10673,WILMK,42,5,1997-09-18,1997,Finland,Helsinki,14.0,6,0.0,84.0,7.87,661.08
10673-43,10673,WILMK,43,1,1997-09-18,1997,Finland,Helsinki,46.0,6,0.0,276.0,7.87,2172.12
10674-23,10674,ISLAT,23,5,1997-09-18,1997,UK,Cowes,9.0,5,0.0,45.0,7.87,354.15
10675-14,10675,FRANK,14,7,1997-09-19,1997,Germany,München,23.25,30,0.0,697.5,7.87,5489.325
10675-53,10675,FRANK,53,6,1997-09-19,1997,Germany,München,32.8,10,0.0,328.0,7.87,2581.36
10675-58,10675,FRANK,58,8,1997-09-19,1997,Germany,München,13.25,30,0.0,397.5,7.87,3128.325
10676-10,10676,TORTU,10,8,1997-09-22,1997,Mexico,México D.F.,31.0,2,0.0,62.0,7.87,487.94
10676-19,10676,TORTU,19,3,1997-09-22,1997,Mexico,México D.F.,9.2,7,0.0,64.39999999999999,7.87,506.8279999999999
10676-44,10676,TORTU,44,2,1997-09-22,1997,Mexico,México D.F.,19.45,21,0.0,408.45,7.87,3214.5015
10677-26,10677,ANTON,26,3,1997-09-22,1997,Mexico,México D.F.,31.23,30,0.15,796.365,7.87,6267.3925500000005
10677-33,10677,ANTON,33,4,1997-09-22,1997,Mexico,México D.F.,2.5,8,0.15,17.0,7.87,133.79
10678-12,10678,SAVEA,12,4,1997-09-23,1997,USA,Boise,38.0,100,0.0,3800.0,7.87,29906.0
10678-33,10678,SAVEA,33,4,1997-09-23,1997,USA,Boise,2.5,30,0.0,75.0,7.87,590.25
10678-41,10678,SAVEA,41,8,1997-09-23,1997,USA,Boise,9.65,120,0.0,1158.0,7.87,9113.460000000001
10678-54,10678,SAVEA,54,6,1997-09-23,1997,USA,Boise,7.45,30,0.0,223.5,7.87,1758.945
10679-59,10679,BLONP,59,4,1997-09-23,1997,France,Strasbourg,55.0,12,0.0,660.0,7.87,5194.2
10680-16,10680,OLDWO,16,3,1997-09-24,1997,USA,Anchorage,17.45,50,0.25,654.375,7.87,5149.93125
10680-31,10680,OLDWO,31,4,1997-09-24,1997,USA,Anchorage,12.5,20,0.25,187.5,7.87,1475.625
10680-42,10680,OLDWO,42,5,1997-09-24,1997,USA,Anchorage,14.0,40,0.25,420.0,7.87,3305.4
10681-19,10681,GREAL,19,3,1997-09-25,1997,USA,Eugene,9.2,30,0.1,248.4,7.87,1954.9080000000001
10681-21,10681,GREAL,21,3,1997-09-25,1997,USA,Eugene,10.0,12,0.1,108.0,7.87,849.96
10681-64,10681,GREAL,64,5,1997-09-25,1997,USA,Eugene,33.25,28,0.0,931.0,7.87,7326.97
10682-33,10682,ANTON,33,4,1997-09-25,1997,Mexico,México D.F.,2.5,30,0.0,75.0,7.87,590.25
10682-66,10682,ANTON,66,2,1997-09-25,1997,Mexico,México D.F.,17.0,4,0.0,68.0,7.87,535.16
10682-75,10682,ANTON,75,1,1997-09-25,1997,Mexico,México D.F.,7.75,30,0.0,232.5,7.87,1829.775
10683-52,10683,DUMON,52,5,1997-09-26,1997,France,Nantes,7.0,9,0.0,63.0,7.87,495.81
10684-40,10684,OTTIK,40,8,1997-09-26,1997,Germany,Köln,18.4,20,0.0,368.0,7.87,2896.16
10684-47,10684,OTTIK,47,3,1997-09-26,1997,Germany,Köln,9.5,40,0.0,380.0,7.87,2990.6
10684-60,10684,OTTIK,60,4,1997-09-26,1997,Germany,Köln,34.0,30,0.0,1020.0,7.87,8027.400000000001
10685-10,10685,GOURL,10,8,1997-09-29,1997,Brazil,Campinas,31.0,20,0.0,620.0,7.87,4879.4
10685-41,10685,GOURL,41,8,1997-09-29,1997,Brazil,Campinas,9.65,4,0.0,38.6,7.87,303.78200000000004
10685-47,10685,GOURL,47,3,1997-09-29,1997,Brazil,Campinas,9.5,15,0.0,142.5,7.87,1121.475
10686-17,10686,PICCO,17,6,1997-09-30,1997,Austria,Salzburg,39.0,30,0.2,936.0,7.87,7366.32
10686-26,10686,PICCO,26,3,1997-09-30,1997,Austria,Salzburg,31.23,15,0.0,468.45,7.87,3686.7015
10687-9,10687,HUNGO,9,6,1997-09-30,1997,Ireland,Cork,97.0,50,0.25,3637.5,7.87,28627.125
10687-29,10687,HUNGO,29,6,1997-09-30,1997,Ireland,Cork,123.79,10,0.0,1237.9,7.87,9742.273000000001
10687-36,10687,HUNGO,36,8,1997-09-30,1997,Ireland,Cork,19.0,6,0.25,85.5,7.87,672.885
10688-10,10688,VAFFE,10,8,1997-10-01,1997,Denmark,Århus,31.0,18,0.1,502.2,7.87,3952.314
10688-28,10688,VAFFE,28,7,1997-10-01,1997,Denmark,Århus,45.6,60,0.1,2462.4,7.87,19379.088
10688-34,10688,VAFFE,34,1,1997-10-01,1997,Denmark,Århus,14.0,14,0.0,196.0,7.87,1542.52
10689-1,10689,BERGS,1,1,1997-10-01,1997,Sweden,Luleå,18.0,35,0.25,472.5,7.87,3718.5750000000003
10690-56,10690,HANAR,56,5,1997-10-02,1997,Brazil,Rio de Janeiro,38.0,20,0.25,570.0,7.87,4485.9
10690-77,10690,HANAR,77,2,1997-10-02,1997,Brazil,Rio de Janeiro,13.0,30,0.25,292.5,7.87,2301.975
10691-1,10691,QUICK,1,1,1997-10-03,1997,Germany,Cunewalde,18.0,30,0.0,540.0,7.87,4249.8
10691-29,10691,QUICK,29,6,1997-10-03,1997,Germany,Cunewalde,123.79,40,0.0,4951.6,7.87,38969.092000000004
10691-43,10691,QUICK,43,1,1997-10-03,1997,Germany,Cunewalde,46.0,40,0.0,1840.0,7.87,14480.800000000001
10691-44,10691,QUICK,44,2,1997-10-03,1997,Germany,Cunewalde,19.45,24,0.0,466.79999999999995,7.87,3673.716
10691-62,10691,QUICK,62,3,1997-10-03,1997,Germany,Cunewalde,49.3,48,0.0,2366.3999999999996,7.87,18623.567999999996
10692-63,10692,ALFKI,63,2,1997-10-03,1997,Germany,Berlin,43.9,20,0.0,878.0,7.87,6909.86
10693-9,10693,WHITC,9,6,1997-10-06,1997,USA,Seattle,97.0,6,0.0,582.0,7.87,4580.34
10693-54,10693,WHITC,54,6,1997-10-06,1997,USA,Seattle,7.45,60,0.15,379.95,7.87,2990.2065
10693-69,10693,WHITC,69,4,1997-10-06,1997,USA,Seattle,36.0,30,0.15,918.0,7.87,7224.66
10693-73,10693,WHITC,73,8,1997-10-06,1997,USA,Seattle,15.0,15,0.15,191.25,7.87,1505.1375
10694-7,10694,QUICK,7,7,1997-10-06,1997,Germany,Cunewalde,30.0,90,0.0,2700.0,7.87,21249.0
10694-59,10694,QUICK,59,4,1997-10-06,1997,Germany,Cunewalde,55.0,25,0.0,1375.0,7.87,10821.25
10694-70,10694,QUICK,70,1,1997-10-06,1997,Germany,Cunewalde,15.0,50,0.0,750.0,7.87,5902.5
10695-8,10695,WILMK,8,2,1997-10-07,1997,Finland,Helsinki,40.0,10,0.0,400.0,7.87,3148.0
10695-12,10695,WILMK,12,4,1997-10-07,1997,Finland,Helsinki,38.0,4,0.0,152.0,7.87,1196.24
10695-24,10695,WILMK,24,1,1997-10-07,1997,Finland,Helsinki,4.5,20,0.0,90.0,7.87,708.3
10696-17,10696,WHITC,17,6,1997-10-08,1997,USA,Seattle,39.0,20,0.0,780.0,7.87,6138.6
10696-46,10696,WHITC,46,8,1997-10-08,1997,USA,Seattle,12.0,18,0.0,216.0,7.87,1699.92
10697-19,10697,LINOD,19,3,1997-10-08,1997,Venezuela,I. de Margarita,9.2,7,0.25,48.3,7.87,380.121
10697-35,10697,LINOD,35,1,1997-10-08,1997,Venezuela,I. de Margarita,18.0,9,0.25,121.5,7.87,956.205
10697-58,10697,LINOD,58,8,1997-10-08,1997,Venezuela,I. de Margarita,13.25,30,0.25,298.125,7.87,2346.24375
10697-70,10697,LINOD,70,1,1997-10-08,1997,Venezuela,I. de Margarita,15.0,30,0.25,337.5,7.87,2656.125
10698-11,10698,ERNSH,11,4,1997-10-09,1997,Austria,Graz,21.0,15,0.0,315.0,7.87,2479.05
10698-17,10698,ERNSH,17,6,1997-10-09,1997,Austria,Graz,39.0,8,0.05,296.4,7.87,2332.6679999999997
10698-29,10698,ERNSH,29,6,1997-10-09,1997,Austria,Graz,123.79,12,0.05,1411.206,7.87,11106.191219999999
10698-65,10698,ERNSH,65,2,1997-10-09,1997,Austria,Graz,21.05,65,0.05,1299.8374999999999,7.87,10229.721124999998
10698-70,10698,ERNSH,70,1,1997-10-09,1997,Austria,Graz,15.0,8,0.05,114.0,7.87,897.1800000000001
10699-47,10699,MORGK,47,3,1997-10-09,1997,Germany,Leipzig,9.5,12,0.0,114.0,7.87,897.1800000000001
10700-1,10700,SAVEA,1,1,1997-10-10,1997,USA,Boise,18.0,5,0.2,72.0,7.87,566.64
10700-34,10700,SAVEA,34,1,1997-10-10,1997,USA,Boise,14.0,12,0.2,134.4,7.87,1057.728
10700-68,10700,SAVEA,68,3,1997-10-10,1997,USA,Boise,12.5,40,0.2,400.0,7.87,3148.0
10700-71,10700,SAVEA,71,4,1997-10-10,1997,USA,Boise,21.5,60,0.2,1032.0,7.87,8121.84
10701-59,10701,HUNGO,59,4,1997-10-13,1997,Ireland,Cork,55.0,42,0.15,1963.5,7.87,15452.745
10701-71,10701,HUNGO,71,4,1997-10-13,1997,Ireland,Cork,21.5,20,0.15,365.5,7.87,2876.485
10701-76,10701,HUNGO,76,1,1997-10-13,1997,Ireland,Cork,18.0,35,0.15,535.5,7.87,4214.385
10702-3,10702,ALFKI,3,2,1997-10-13,1997,Germany,Berlin,10.0,6,0.0,60.0,7.87,472.2
10702-76,10702,ALFKI,76,1,1997-10-13,1997,Germany,Berlin,18.0,15,0.0,270.0,7.87,2124.9
10703-2,10703,FOLKO,2,1,1997-10-14,1997,Sweden,Bräcke,19.0,5,0.0,95.0,7.87,747.65
10703-59,10703,FOLKO,59,4,1997-10-14,1997,Sweden,Bräcke,55.0,35,0.0,1925.0,7.87,15149.75
10703-73,10703,FOLKO,73,8,1997-10-14,1997,Sweden,Bräcke,15.0,35,0.0,525.0,7.87,4131.75
10704-4,10704,QUEEN,4,2,1997-10-14,1997,Brazil,Sao Paulo,22.0,6,0.0,132.0,7.87,1038.84
10704-24,10704,QUEEN,24,1,1997-10-14,1997,Brazil,Sao Paulo,4.5,35,0.0,157.5,7.87,1239.525
10704-48,10704,QUEEN,48,3,1997-10-14,1997,Brazil,Sao Paulo,12.75,24,0.0,306.0,7.87,2408.2200000000003
10705-31,10705,HILAA,31,4,1997-10-15,1997,Venezuela,San Cristóbal,12.5,20,0.0,250.0,7.87,1967.5
10705-32,10705,HILAA,32,4,1997-10-15,1997,Venezuela,San Cristóbal,32.0,4,0.0,128.0,7.87,1007.36
10706-16,10706,OLDWO,16,3,1997-10-16,1997,USA,Anchorage,17.45,20,0.0,349.0,7.87,2746.63
10706-43,10706,OLDWO,43,1,1997-10-16,1997,USA,Anchorage,46.0,24,0.0,1104.0,7.87,8688.48
10706-59,10706,OLDWO,59,4,1997-10-16,1997,USA,Anchorage,55.0,8,0.0,440.0,7.87,3462.8
10707-55,10707,AROUT,55,6,1997-10-16,1997,UK,Colchester,24.0,21,0.0,504.0,7.87,3966.48
10707-57,10707,AROUT,57,5,1997-10-16,1997,UK,Colchester,19.5,40,0.0,780.0,7.87,6138.6
10707-70,10707,AROUT,70,1,1997-10-16,1997,UK,Colchester,15.0,28,0.15,357.0,7.87,2809.59
10708-5,10708,THEBI,5,2,1997-10-17,1997,USA,Portland,21.35,4,0.0,85.4,7.87,672.0980000000001
10708-36,10708,THEBI,36,8,1997-10-17,1997,USA,Portland,19.0,5,0.0,95.0,7.87,747.65
10709-8,10709,GOURL,8,2,1997-10-17,1997,Brazil,Campinas,40.0,40,0.0,1600.0,7.87,12592.0
10709-51,10709,GOURL,51,7,1997-10-17,1997,Brazil,Campinas,53.0,28,0.0,1484.0,7.87,11679.08
10709-60,10709,GOURL,60,4,1997-10-17,1997,Brazil,Campinas,34.0,10,0.0,340.0,7.87,2675.8
10710-19,10710,FRANS,19,3,1997-10-20,1997,Italy,Torino,9.2,5,0.0,46.0,7.87,362.02
10710-47,10710,FRANS,47,3,1997-10-20,1997,Italy,Torino,9.5,5,0.0,47.5,7.87,373.825
10711-19,10711,SAVEA,19,3,1997-10-21,1997,USA,Boise,9.2,12,0.0,110.39999999999999,7.87,868.848
10711-41,10711,SAVEA,41,8,1997-10-21,1997,USA,Boise,9.65,42,0.0,405.3,7.87,3189.7110000000002
10711-53,10711,SAVEA,53,6,1997-10-21,1997,USA,Boise,32.8,120,0.0,3935.9999999999995,7.87,30976.319999999996
10712-53,10712,HUNGO,53,6,1997-10-21,1997,Ireland,Cork,32.8,3,0.05,93.47999999999999,7.87,735.6876
10712-56,10712,HUNGO,56,5,1997-10-21,1997,Ireland,Cork,38.0,30,0.0,1140.0,7.87,8971.8
10713-10,10713,SAVEA,10,8,1997-10-22,1997,USA,Boise,31.0,18,0.0,558.0,7.87,4391.46
10713-26,10713,SAVEA,26,3,1997-10-22,1997,USA,Boise,31.23,30,0.0,936.9,7.87,7373.403
10713-45,10713,SAVEA,45,8,1997-10-22,1997,USA,Boise,9.5,110,0.0,1045.0,7.87,8224.15
10713-46,10713,SAVEA,46,8,1997-10-22,1997,USA,Boise,12.0,24,0.0,288.0,7.87,2266.56
10714-2,10714,SAVEA,2,1,1997-10-22,1997,USA,Boise,19.0,30,0.25,427.5,7.87,3364.425
10714-17,10714,SAVEA,17,6,1997-10-22,1997,USA,Boise,39.0,27,0.25,789.75,7.87,6215.3325
10714-47,10714,SAVEA,47,3,1997-10-22,1997,USA,Boise,9.5,50,0.25,356.25,7.87,2803.6875
10714-56,10714,SAVEA,56,5,1997-10-22,1997,USA,Boise,38.0,18,0.25,513.0,7.87,4037.31
10714-58,10714,SAVEA,58,8,1997-10-22,1997,USA,Boise,13.25,12,0.25,119.25,7.87,938.4975000000001
10715-10,10715,BONAP,10,8,1997-10-23,1997,France,Marseille,31.0,21,0.0,651.0,7.87,5123.37
10715-71,10715,BONAP,71,4,1997-10-23,1997,France,Marseille,21.5,30,0.0,645.0,7.87,5076.15
10716-21,10716,RANCH,21,3,1997-10-24,1997,Argentina,Buenos Aires,10.0,5,0.0,50.0,7.87,393.5
10716-51,10716,RANCH,51,7,1997-10-24,1997,Argentina,Buenos Aires,53.0,7,0.0,371.0,7.87,2919.77
10716-61,10716,RANCH,61,2,1997-10-24,1997,Argentina,Buenos Aires,28.5,10,0.0,285.0,7.87,2242.95
10717-21,10717,FRANK,21,3,1997-10-24,1997,Germany,München,10.0,32,0.05,304.0,7.87,2392.48
10717-54,10717,FRANK,54,6,1997-10-24,1997,Germany,München,7.45,15,0.0,111.75,7.87,879.4725
10717-69,10717,FRANK,69,4,1997-10-24,1997,Germany,München,36.0,25,0.05,855.0,7.87,6728.85
10718-12,10718,KOENE,12,4,1997-10-27,1997,Germany,Brandenburg,38.0,36,0.0,1368.0,7.87,10766.16
10718-16,10718,KOENE,16,3,1997-10-27,1997,Germany,Brandenburg,17.45,20,0.0,349.0,7.87,2746.63
10718-36,10718,KOENE,36,8,1997-10-27,1997,Germany,Brandenburg,19.0,40,0.0,760.0,7.87,5981.2
10718-62,10718,KOENE,62,3,1997-10-27,1997,Germany,Brandenburg,49.3,20,0.0,986.0,7.87,7759.82
10719-18,10719,LETSS,18,8,1997-10-27,1997,USA,San Francisco,62.5,12,0.25,562.5,7.87,4426.875
10719-30,10719,LETSS,30,8,1997-10-27,1997,USA,San Francisco,25.89,3,0.25,58.2525,7.87,458.447175
10719-54,10719,LETSS,54,6,1997-10-27,1997,USA,San Francisco,7.45,40,0.25,223.5,7.87,1758.945
10720-35,10720,QUEDE,35,1,1997-10-28,1997,Brazil,Rio de Janeiro,18.0,21,0.0,378.0,7.87,2974.86
10720-71,10720,QUEDE,71,4,1997-10-28,1997,Brazil,Rio de Janeiro,21.5,8,0.0,172.0,7.87,1353.64
10721-44,10721,QUICK,44,2,1997-10-29,1997,Germany,Cunewalde,19.45,50,0.05,923.875,7.87,7270.89625
10722-2,10722,SAVEA,2,1,1997-10-29,1997,USA,Boise,19.0,3,0.0,57.0,7.87,448.59000000000003
10722-31,10722,SAVEA,31,4,1997-10-29,1997,USA,Boise,12.5,50,0.0,625.0,7.87,4918.75
10722-68,10722,SAVEA,68,3,1997-10-29,1997,USA,Boise,12.5,45,0.0,562.5,7.87,4426.875
10722-75,10722,SAVEA,75,1,1997-10-29,1997,USA,Boise,7.75,42,0.0,325.5,7.87,2561.685
10723-26,10723,WHITC,26,3,1997-10-30,1997,USA,Seattle,31.23,15,0.0,468.45,7.87,3686.7015
10724-10,10724,MEREP,10,8,1997-10-30,1997,Canada,Montréal,31.0,16,0.0,496.0,7.87,3903.52
10724-61,10724,MEREP,61,2,1997-10-30,1997,Canada,Montréal,28.5,5,0.0,142.5,7.87,1121.475
10725-41,10725,FAMIA,41,8,1997-10-31,1997,Brazil,Sao Paulo,9.65,12,0.0,115.80000000000001,7.87,911.3460000000001
10725-52,10725,FAMIA,52,5,1997-10-31,1997,Brazil,Sao Paulo,7.0,4,0.0,28.0,7.87,220.36
10725-55,10725,FAMIA,55,6,1997-10-31,1997,Brazil,Sao Paulo,24.0,6,0.0,144.0,7.87,1133.28
10726-4,10726,EASTC,4,2,1997-11-03,1997,UK,London,22.0,25,0.0,550.0,7.87,4328.5
10726-11,10726,EASTC,11,4,1997-11-03,1997,UK,London,21.0,5,0.0,105.0,7.87,826.35
10727-17,10727,REGGC,17,6,1997-11-03,1997,Italy,Reggio Emilia,39.0,20,0.05,741.0,7.87,5831.67
10727-56,10727,REGGC,56,5,1997-11-03,1997,Italy,Reggio Emilia,38.0,10,0.05,361.0,7.87,2841.07
10727-59,10727,REGGC,59,4,1997-11-03,1997,Italy,Reggio Emilia,55.0,10,0.05,522.5,7.87,4112.075
10728-30,10728,QUEEN,30,8,1997-11-04,1997,Brazil,Sao Paulo,25.89,15,0.0,388.35,7.87,3056.3145000000004
10728-40,10728,QUEEN,40,8,1997-11-04,1997,Brazil,Sao Paulo,18.4,6,0.0,110.39999999999999,7.87,868.848
10728-55,10728,QUEEN,55,6,1997-11-04,1997,Brazil,Sao Paulo,24.0,12,0.0,288.0,7.87,2266.56
10728-60,10728,QUEEN,60,4,1997-11-04,1997,Brazil,Sao Paulo,34.0,15,0.0,510.0,7.87,4013.7000000000003
10729-1,10729,LINOD,1,1,1997-11-04,1997,Venezuela,I. de Margarita,18.0,50,0.0,900.0,7.87,7083.0
10729-21,10729,LINOD,21,3,1997-11-04,1997,Venezuela,I. de Margarita,10.0,30,0.0,300.0,7.87,2361.0
10729-50,10729,LINOD,50,3,1997-11-04,1997,Venezuela,I. de Margarita,16.25,40,0.0,650.0,7.87,5115.5
10730-16,10730,BONAP,16,3,1997-11-05,1997,France,Marseille,17.45,15,0.05,248.6625,7.87,1956.973875
10730-31,10730,BONAP,31,4,1997-11-05,1997,France,Marseille,12.5,3,0.05,35.625,7.87,280.36875
10730-65,10730,BONAP,65,2,1997-11-05,1997,France,Marseille,21.05,10,0.05,199.975,7.87,1573.80325
10731-21,10731,CHOPS,21,3,1997-11-06,1997,Switzerland,Bern,10.0,40,0.05,380.0,7.87,2990.6
10731-51,10731,CHOPS,51,7,1997-11-06,1997,Switzerland,Bern,53.0,30,0.05,1510.5,7.87,11887.635
10732-76,10732,BONAP,76,1,1997-11-06,1997,France,Marseille,18.0,20,0.0,360.0,7.87,2833.2
10733-14,10733,BERGS,14,7,1997-11-07,1997,Sweden,Luleå,23.25,16,0.0,372.0,7.87,2927.64
10733-28,10733,BERGS,28,7,1997-11-07,1997,Sweden,Luleå,45.6,20,0.0,912.0,7.87,7177.4400000000005
10733-52,10733,BERGS,52,5,1997-11-07,1997,Sweden,Luleå,7.0,25,0.0,175.0,7.87,1377.25
10734-6,10734,GOURL,6,2,1997-11-07,1997,Brazil,Campinas,25.0,30,0.0,750.0,7.87,5902.5
10734-30,10734,GOURL,30,8,1997-11-07,1997,Brazil,Campinas,25.89,15,0.0,388.35,7.87,3056.3145000000004
10734-76,10734,GOURL,76,1,1997-11-07,1997,Brazil,Campinas,18.0,20,0.0,360.0,7.87,2833.2
10735-61,10735,LETSS,61,2,1997-11-10,1997,USA,San Francisco,28.5,20,0.1,513.0,7.87,4037.31
10735-77,10735,LETSS,77,2,1997-11-10,1997,USA,San Francisco,13.0,2,0.1,23.400000000000002,7.87,184.15800000000002
10736-65,10736,HUNGO,65,2,1997-11-11,1997,Ireland,Cork,21.05,40,0.0,842.0,7.87,6626.54
10736-75,10736,HUNGO,75,1,1997-11-11,1997,Ireland,Cork,7.75,20,0.0,155.0,7.87,1219.85
10737-13,10737,VINET,13,8,1997-11-11,1997,France,Reims,6.0,4,0.0,24.0,7.87,188.88
10737-41,10737,VINET,41,8,1997-11-11,1997,France,Reims,9.65,12,0.0,115.80000000000001,7.87,911.3460000000001
10738-16,10738,SPECD,16,3,1997-11-12,1997,France,Paris,17.45,3,0.0,52.349999999999994,7.87,411.99449999999996
10739-36,10739,VINET,36,8,1997-11-12,1997,France,Reims,19.0,6,0.0,114.0,7.87,897.1800000000001
10739-52,10739,VINET,52,5,1997-11-12,1997,France,Reims,7.0,18,0.0,126.0,7.87,991.62
10740-28,10740,WHITC,28,7,1997-11-13,1997,USA,Seattle,45.6,5,0.2,182.4,7.87,1435.488
10740-35,10740,WHITC,35,1,1997-11-13,1997,USA,Seattle,18.0,35,0.2,504.0,7.87,3966.48
10740-45,10740,WHITC,45,8,1997-11-13,1997,USA,Seattle,9.5,40,0.2,304.0,7.87,2392.48
10740-56,10740,WHITC,56,5,1997-11-13,1997,USA,Seattle,38.0,14,0.2,425.6,7.87,3349.472
10741-2,10741,AROUT,2,1,1997-11-14,1997,UK,Colchester,19.0,15,0.2,228.0,7.87,1794.3600000000001
10742-3,10742,BOTTM,3,2,1997-11-14,1997,Canada,Tsawassen,10.0,20,0.0,200.0,7.87,1574.0
10742-60,10742,BOTTM,60,4,1997-11-14,1997,Canada,Tsawassen,34.0,50,0.0,1700.0,7.87,13379.0
10742-72,10742,BOTTM,72,4,1997-11-14,1997,Canada,Tsawassen,34.8,35,0.0,1218.0,7.87,9585.66
10743-46,10743,AROUT,46,8,1997-11-17,1997,UK,Colchester,12.0,28,0.05,319.2,7.87,2512.104
10744-40,10744,VAFFE,40,8,1997-11-17,1997,Denmark,Århus,18.4,50,0.2,736.0,7.87,5792.32
10745-18,10745,QUICK,18,8,1997-11-18,1997,Germany,Cunewalde,62.5,24,0.0,1500.0,7.87,11805.0
10745-44,10745,QUICK,44,2,1997-11-18,1997,Germany,Cunewalde,19.45,16,0.0,311.2,7.87,2449.144
10745-59,10745,QUICK,59,4,1997-11-18,1997,Germany,Cunewalde,55.0,45,0.0,2475.0,7.87,19478.25
10745-72,10745,QUICK,72,4,1997-11-18,1997,Germany,Cunewalde,34.8,7,0.0,243.59999999999997,7.87,1917.1319999999998
10746-13,10746,CHOPS,13,8,1997-11-19,1997,Switzerland,Bern,6.0,6,0.0,36.0,7.87,283.32
10746-42,10746,CHOPS,42,5,1997-11-19,1997,Switzerland,Bern,14.0,28,0.0,392.0,7.87,3085.04
10746-62,10746,CHOPS,62,3,1997-11-19,1997,Switzerland,Bern,49.3,9,0.0,443.7,7.87,3491.919
10746-69,10746,CHOPS,69,4,1997-11-19,1997,Switzerland,Bern,36.0,40,0.0,1440.0,7.87,11332.8
10747-31,10747,PICCO,31,4,1997-11-19,1997,Austria,Salzburg,12.5,8,0.0,100.0,7.87,787.0
10747-41,10747,PICCO,41,8,1997-11-19,1997,Austria,Salzburg,9.65,35,0.0,337.75,7.87,2658.0925
10747-63,10747,PICCO,63,2,1997-11-19,1997,Austria,Salzburg,43.9,9,0.0,395.09999999999997,7.87,3109.437
10747-69,10747,PICCO,69,4,1997-11-19,1997,Austria,Salzburg,36.0,30,0.0,1080.0,7.87,8499.6
10748-23,10748,SAVEA,23,5,1997-11-20,1997,USA,Boise,9.0,44,0.0,396.0,7.87,3116.52
10748-40,10748,SAVEA,40,8,1997-11-20,1997,USA,Boise,18.4,40,0.0,736.0,7.87,5792.32
10748-56,10748,SAVEA,56,5,1997-11-20,1997,USA,Boise,38.0,28,0.0,1064.0,7.87,8373.68
10749-56,10749,ISLAT,56,5,1997-11-20,1997,UK,Cowes,38.0,15,0.0,570.0,7.87,4485.9
10749-59,10749,ISLAT,59,4,1997-11-20,1997,UK,Cowes,55.0,6,0.0,330.0,7.87,2597.1
10749-76,10749,ISLAT,76,1,1997-11-20,1997,UK,Cowes,18.0,10,0.0,180.0,7.87,1416.6
10750-14,10750,WARTH,14,7,1997-11-21,1997,Finland,Oulu,23.25,5,0.15,98.8125,7.87,777.654375
10750-45,10750,WARTH,45,8,1997-11-21,1997,Finland,Oulu,9.5,40,0.15,323.0,7.87,2542.01
10750-59,10750,WARTH,59,4,1997-11-21,1997,Finland,Oulu,55.0,25,0.15,1168.75,7.87,9198.0625
10751-26,10751,RICSU,26,3,1997-11-24,1997,Switzerland,Genève,31.23,12,0.1,337.284,7.87,2654.42508
10751-30,10751,RICSU,30,8,1997-11-24,1997,Switzerland,Genève,25.89,30,0.0,776.7,7.87,6112.629000000001
10751-50,10751,RICSU,50,3,1997-11-24,1997,Switzerland,Genève,16.25,20,0.1,292.5,7.87,2301.975
10751-73,10751,RICSU,73,8,1997-11-24,1997,Switzerland,Genève,15.0,15,0.0,225.0,7.87,1770.75
10752-1,10752,NORTS,1,1,1997-11-24,1997,UK,London,18.0,8,0.0,144.0,7.87,1133.28
10752-69,10752,NORTS,69,4,1997-11-24,1997,UK,London,36.0,3,0.0,108.0,7.87,849.96
10753-45,10753,FRANS,45,8,1997-11-25,1997,Italy,Torino,9.5,4,0.0,38.0,7.87,299.06
10753-74,10753,FRANS,74,7,1997-11-25,1997,Italy,Torino,10.0,5,0.0,50.0,7.87,393.5
10754-40,10754,MAGAA,40,8,1997-11-25,1997,Italy,Bergamo,18.4,3,0.0,55.199999999999996,7.87,434.424
10755-47,10755,BONAP,47,3,1997-11-26,1997,France,Marseille,9.5,30,0.25,213.75,7.87,1682.2125
10755-56,10755,BONAP,56,5,1997-11-26,1997,France,Marseille,38.0,30,0.25,855.0,7.87,6728.85
10755-57,10755,BONAP,57,5,1997-11-26,1997,France,Marseille,19.5,14,0.25,204.75,7.87,1611.3825
10755-69,10755,BONAP,69,4,1997-11-26,1997,France,Marseille,36.0,25,0.25,675.0,7.87,5312.25
10756-18,10756,SPLIR,18,8,1997-11-27,1997,USA,Lander,62.5,21,0.2,1050.0,7.87,8263.5
10756-36,10756,SPLIR,36,8,1997-11-27,1997,USA,Lander,19.0,20,0.2,304.0,7.87,2392.48
10756-68,10756,SPLIR,68,3,1997-11-27,1997,USA,Lander,12.5,6,0.2,60.0,7.87,472.2
10756-69,10756,SPLIR,69,4,1997-11-27,1997,USA,Lander,36.0,20,0.2,576.0,7.87,4533.12
10757-34,10757,SAVEA,34,1,1997-11-27,1997,USA,Boise,14.0,30,0.0,420.0,7.87,3305.4
10757-59,10757,SAVEA,59,4,1997-11-27,1997,USA,Boise,55.0,7,0.0,385.0,7.87,3029.95
10757-62,10757,SAVEA,62,3,1997-11-27,1997,USA,Boise,49.3,30,0.0,1479.0,7.87,11639.73
10757-64,10757,SAVEA,64,5,1997-11-27,1997,USA,Boise,33.25,24,0.0,798.0,7.87,6280.26
10758-26,10758,RICSU,26,3,1997-11-28,1997,Switzerland,Genève,31.23,20,0.0,624.6,7.87,4915.602
10758-52,10758,RICSU,52,5,1997-11-28,1997,Switzerland,Genève,7.0,60,0.0,420.0,7.87,3305.4
10758-70,10758,RICSU,70,1,1997-11-28,1997,Switzerland,Genève,15.0,40,0.0,600.0,7.87,4722.0
10759-32,10759,ANATR,32,4,1997-11-28,1997,Mexico,México D.F.,32.0,10,0.0,320.0,7.87,2518.4
10760-25,10760,MAISD,25,3,1997-12-01,1997,Belgium,Bruxelles,14.0,12,0.25,126.0,7.87,991.62
10760-27,10760,MAISD,27,3,1997-12-01,1997,Belgium,Bruxelles,43.9,40,0.0,1756.0,7.87,13819.72
10760-43,10760,MAISD,43,1,1997-12-01,1997,Belgium,Bruxelles,46.0,30,0.25,1035.0,7.87,8145.45
10761-25,10761,RATTC,25,3,1997-12-02,1997,USA,Albuquerque,14.0,35,0.25,367.5,7.87,2892.225
10761-75,10761,RATTC,75,1,1997-12-02,1997,USA,Albuquerque,7.75,18,0.0,139.5,7.87,1097.865
10762-39,10762,FOLKO,39,1,1997-12-02,1997,Sweden,Bräcke,18.0,16,0.0,288.0,7.87,2266.56
10762-47,10762,FOLKO,47,3,1997-12-02,1997,Sweden,Bräcke,9.5,30,0.0,285.0,7.87,2242.95
10762-51,10762,FOLKO,51,7,1997-12-02,1997,Sweden,Bräcke,53.0,28,0.0,1484.0,7.87,11679.08
10762-56,10762,FOLKO,56,5,1997-12-02,1997,Sweden,Bräcke,38.0,60,0.0,2280.0,7.87,17943.6
10763-21,10763,FOLIG,21,3,1997-12-03,1997,France,Lille,10.0,40,0.0,400.0,7.87,3148.0
10763-22,10763,FOLIG,22,5,1997-12-03,1997,France,Lille,21.0,6,0.0,126.0,7.87,991.62
10763-24,10763,FOLIG,24,1,1997-12-03,1997,France,Lille,4.5,20,0.0,90.0,7.87,708.3
10764-3,10764,ERNSH,3,2,1997-12-03,1997,Austria,Graz,10.0,20,0.1,180.0,7.87,1416.6
10764-39,10764,ERNSH,39,1,1997-12-03,1997,Austria,Graz,18.0,130,0.1,2106.0,7.87,16574.22
10765-65,10765,QUICK,65,2,1997-12-04,1997,Germany,Cunewalde,21.05,80,0.1,1515.6000000000001,7.87,11927.772
10766-2,10766,OTTIK,2,1,1997-12-05,1997,Germany,Köln,19.0,40,0.0,760.0,7.87,5981.2
10766-7,10766,OTTIK,7,7,1997-12-05,1997,Germany,Köln,30.0,35,0.0,1050.0,7.87,8263.5
10766-68,10766,OTTIK,68,3,1997-12-05,1997,Germany,Köln,12.5,40,0.0,500.0,7.87,3935.0
10767-42,10767,SUPRD,42,5,1997-12-05,1997,Belgium,Charleroi,14.0,2,0.0,28.0,7.87,220.36
10768-22,10768,AROUT,22,5,1997-12-08,1997,UK,Colchester,21.0,4,0.0,84.0,7.87,661.08
10768-31,10768,AROUT,31,4,1997-12-08,1997,UK,Colchester,12.5,50,0.0,625.0,7.87,4918.75
10768-60,10768,AROUT,60,4,1997-12-08,1997,UK,Colchester,34.0,15,0.0,510.0,7.87,4013.7000000000003
10768-71,10768,AROUT,71,4,1997-12-08,1997,UK,Colchester,21.5,12,0.0,258.0,7.87,2030.46
10769-41,10769,VAFFE,41,8,1997-12-08,1997,Denmark,Århus,9.65,30,0.05,275.025,7.87,2164.44675
10769-52,10769,VAFFE,52,5,1997-12-08,1997,Denmark,Århus,7.0,15,0.05,99.75,7.87,785.0325
10769-61,10769,VAFFE,61,2,1997-12-08,1997,Denmark,Århus,28.5,20,0.0,570.0,7.87,4485.9
10769-62,10769,VAFFE,62,3,1997-12-08,1997,Denmark,Århus,49.3,15,0.0,739.5,7.87,5819.865
10770-11,10770,HANAR,11,4,1997-12-09,1997,Brazil,Rio de Janeiro,21.0,15,0.25,236.25,7.87,1859.2875000000001
10771-71,10771,ERNSH,71,4,1997-12-10,1997,Austria,Graz,21.5,16,0.0,344.0,7.87,2707.28
10772-29,10772,LEHMS,29,6,1997-12-10,1997,Germany,Frankfurt a.M.,123.79,18,0.0,2228.2200000000003,7.87,17536.0914
10772-59,10772,LEHMS,59,4,1997-12-10,1997,Germany,Frankfurt a.M.,55.0,25,0.0,1375.0,7.87,10821.25
10773-17,10773,ERNSH,17,6,1997-12-11,1997,Austria,Graz,39.0,33,0.0,1287.0,7.87,10128.69
10773-31,10773,ERNSH,31,4,1997-12-11,1997,Austria,Graz,12.5,70,0.2,700.0,7.87,5509.0
10773-75,10773,ERNSH,75,1,1997-12-11,1997,Austria,Graz,7.75,7,0.2,43.400000000000006,7.87,341.55800000000005
10774-31,10774,FOLKO,31,4,1997-12-11,1997,Sweden,Bräcke,12.5,2,0.25,18.75,7.87,147.5625
10774-66,10774,FOLKO,66,2,1997-12-11,1997,Sweden,Bräcke,17.0,50,0.0,850.0,7.87,6689.5
10775-10,10775,THECR,10,8,1997-12-12,1997,USA,Butte,31.0,6,0.0,186.0,7.87,1463.82
10775-67,10775,THECR,67,1,1997-12-12,1997,USA,Butte,14.0,3,0.0,42.0,7.87,330.54
10776-31,10776,ERNSH,31,4,1997-12-15,1997,Austria,Graz,12.5,16,0.05,190.0,7.87,1495.3
10776-42,10776,ERNSH,42,5,1997-12-15,1997,Austria,Graz,14.0,12,0.05,159.6,7.87,1256.052
10776-45,10776,ERNSH,45,8,1997-12-15,1997,Austria,Graz,9.5,27,0.05,243.67499999999998,7.87,1917.7222499999998
10776-51,10776,ERNSH,51,7,1997-12-15,1997,Austria,Graz,53.0,120,0.05,6042.0,7.87,47550.54
10777-42,10777,GOURL,42,5,1997-12-15,1997,Brazil,Campinas,14.0,20,0.2,224.0,7.87,1762.88
10778-41,10778,BERGS,41,8,1997-12-16,1997,Sweden,Luleå,9.65,10,0.0,96.5,7.87,759.455
10779-16,10779,MORGK,16,3,1997-12-16,1997,Germany,Leipzig,17.45,20,0.0,349.0,7.87,2746.63
10779-62,10779,MORGK,62,3,1997-12-16,1997,Germany,Leipzig,49.3,20,0.0,986.0,7.87,7759.82
10780-70,10780,LILAS,70,1,1997-12-16,1997,Venezuela,Barquisimeto,15.0,35,0.0,525.0,7.87,4131.75
10780-77,10780,LILAS,77,2,1997-12-16,1997,Venezuela,Barquisimeto,13.0,15,0.0,195.0,7.87,1534.65
10781-54,10781,WARTH,54,6,1997-12-17,1997,Finland,Oulu,7.45,3,0.2,17.880000000000003,7.87,140.71560000000002
10781-56,10781,WARTH,56,5,1997-12-17,1997,Finland,Oulu,38.0,20,0.2,608.0,7.87,4784.96
10781-74,10781,WARTH,74,7,1997-12-17,1997,Finland,Oulu,10.0,35,0.0,350.0,7.87,2754.5
10782-31,10782,CACTU,31,4,1997-12-17,1997,Argentina,Buenos Aires,12.5,1,0.0,12.5,7.87,98.375
10783-31,10783,HANAR,31,4,1997-12-18,1997,Brazil,Rio de Janeiro,12.5,10,0.0,125.0,7.87,983.75
10783-38,10783,HANAR,38,1,1997-12-18,1997,Brazil,Rio de Janeiro,263.5,5,0.0,1317.5,7.87,10368.725
10784-36,10784,MAGAA,36,8,1997-12-18,1997,Italy,Bergamo,19.0,30,0.0,570.0,7.87,4485.9
10784-39,10784,MAGAA,39,1,1997-12-18,1997,Italy,Bergamo,18.0,2,0.15,30.599999999999998,7.87,240.82199999999997
10784-72,10784,MAGAA,72,4,1997-12-18,1997,Italy,Bergamo,34.8,30,0.15,887.4,7.87,6983.838
10785-10,10785,GROSR,10,8,1997-12-18,1997,Venezuela,Caracas,31.0,10,0.0,310.0,7.87,2439.7
10785-75,10785,GROSR,75,1,1997-12-18,1997,Venezuela,Caracas,7.75,10,0.0,77.5,7.87,609.925
10786-8,10786,QUEEN,8,2,1997-12-19,1997,Brazil,Sao Paulo,40.0,30,0.2,960.0,7.87,7555.2
10786-30,10786,QUEEN,30,8,1997-12-19,1997,Brazil,Sao Paulo,25.89,15,0.2,310.68000000000006,7.87,2445.0516000000007
10786-75,10786,QUEEN,75,1,1997-12-19,1997,Brazil,Sao Paulo,7.75,42,0.2,260.40000000000003,7.87,2049.3480000000004
10787-2,10787,LAMAI,2,1,1997-12-19,1997,France,Toulouse,19.0,15,0.05,270.75,7.87,2130.8025000000002
10787-29,10787,LAMAI,29,6,1997-12-19,1997,France,Toulouse,123.79,20,0.05,2352.01,7.87,18510.318700000003
10788-19,10788,QUICK,19,3,1997-12-22,1997,Germany,Cunewalde,9.2,50,0.05,436.99999999999994,7.87,3439.1899999999996
10788-75,10788,QUICK,75,1,1997-12-22,1997,Germany,Cunewalde,7.75,40,0.05,294.5,7.87,2317.715
10789-18,10789,FOLIG,18,8,1997-12-22,1997,France,Lille,62.5,30,0.0,1875.0,7.87,14756.25
10789-35,10789,FOLIG,35,1,1997-12-22,1997,France,Lille,18.0,15,0.0,270.0,7.87,2124.9
10789-63,10789,FOLIG,63,2,1997-12-22,1997,France,Lille,43.9,30,0.0,1317.0,7.87,10364.79
10789-68,10789,FOLIG,68,3,1997-12-22,1997,France,Lille,12.5,18,0.0,225.0,7.87,1770.75
10790-7,10790,GOURL,7,7,1997-12-22,1997,Brazil,Campinas,30.0,3,0.15,76.5,7.87,602.0550000000001
10790-56,10790,GOURL,56,5,1997-12-22,1997,Brazil,Campinas,38.0,20,0.15,646.0,7.87,5084.02
10791-29,10791,FRANK,29,6,1997-12-23,1997,Germany,München,123.79,14,0.05,1646.4070000000002,7.87,12957.223090000001
10791-41,10791,FRANK,41,8,1997-12-23,1997,Germany,München,9.65,20,0.05,183.35,7.87,1442.9645
10792-2,10792,WOLZA,2,1,1997-12-23,1997,Poland,Warszawa,19.0,10,0.0,190.0,7.87,1495.3
10792-54,10792,WOLZA,54,6,1997-12-23,1997,Poland,Warszawa,7.45,3,0.0,22.35,7.87,175.89450000000002
10792-68,10792,WOLZA,68,3,1997-12-23,1997,Poland,Warszawa,12.5,15,0.0,187.5,7.87,1475.625
10793-41,10793,AROUT,41,8,1997-12-24,1997,UK,Colchester,9.65,14,0.0,135.1,7.87,1063.237
10793-52,10793,AROUT,52,5,1997-12-24,1997,UK,Colchester,7.0,8,0.0,56.0,7.87,440.72
10794-14,10794,QUEDE,14,7,1997-12-24,1997,Brazil,Rio de Janeiro,23.25,15,0.2,279.0,7.87,2195.73
10794-54,10794,QUEDE,54,6,1997-12-24,1997,Brazil,Rio de Janeiro,7.45,6,0.2,35.760000000000005,7.87,281.43120000000005
10795-16,10795,ERNSH,16,3,1997-12-24,1997,Austria,Graz,17.45,65,0.0,1134.25,7.87,8926.5475
10795-17,10795,ERNSH,17,6,1997-12-24,1997,Austria,Graz,39.0,35,0.25,1023.75,7.87,8056.9125
10796-26,10796,HILAA,26,3,1997-12-25,1997,Venezuela,San Cristóbal,31.23,21,0.2,524.6640000000001,7.87,4129.105680000001
10796-44,10796,HILAA,44,2,1997-12-25,1997,Venezuela,San Cristóbal,19.45,10,0.0,194.5,7.87,1530.715
10796-64,10796,HILAA,64,5,1997-12-25,1997,Venezuela,San Cristóbal,33.25,35,0.2,931.0,7.87,7326.97
10796-69,10796,HILAA,69,4,1997-12-25,1997,Venezuela,San Cristóbal,36.0,24,0.2,691.2,7.87,5439.744000000001
10797-11,10797,DRACD,11,4,1997-12-25,1997,Germany,Aachen,21.0,20,0.0,420.0,7.87,3305.4
10798-62,10798,ISLAT,62,3,1997-12-26,1997,UK,Cowes,49.3,2,0.0,98.6,7.87,775.982
10798-72,10798,ISLAT,72,4,1997-12-26,1997,UK,Cowes,34.8,10,0.0,348.0,7.87,2738.76
10799-13,10799,KOENE,13,8,1997-12-26,1997,Germany,Brandenburg,6.0,20,0.15,102.0,7.87,802.74
10799-24,10799,KOENE,24,1,1997-12-26,1997,Germany,Brandenburg,4.5,20,0.15,76.5,7.87,602.0550000000001
10799-59,10799,KOENE,59,4,1997-12-26,1997,Germany,Brandenburg,55.0,25,0.0,1375.0,7.87,10821.25
10800-11,10800,SEVES,11,4,1997-12-26,1997,UK,London,21.0,50,0.1,945.0,7.87,7437.150000000001
10800-51,10800,SEVES,51,7,1997-12-26,1997,UK,London,53.0,10,0.1,477.0,7.87,3753.9900000000002
10800-54,10800,SEVES,54,6,1997-12-26,1997,UK,London,7.45,7,0.1,46.935,7.87,369.37845000000004
10801-17,10801,BOLID,17,6,1997-12-29,1997,Spain,Madrid,39.0,40,0.25,1170.0,7.87,9207.9
10801-29,10801,BOLID,29,6,1997-12-29,1997,Spain,Madrid,123.79,20,0.25,1856.8500000000001,7.87,14613.409500000002
10802-30,10802,SIMOB,30,8,1997-12-29,1997,Denmark,Kobenhavn,25.89,25,0.25,485.4375,7.87,3820.393125
10802-51,10802,SIMOB,51,7,1997-12-29,1997,Denmark,Kobenhavn,53.0,30,0.25,1192.5,7.87,9384.975
10802-55,10802,SIMOB,55,6,1997-12-29,1997,Denmark,Kobenhavn,24.0,60,0.25,1080.0,7.87,8499.6
10802-62,10802,SIMOB,62,3,1997-12-29,1997,Denmark,Kobenhavn,49.3,5,0.25,184.875,7.87,1454.96625
10803-19,10803,WELLI,19,3,1997-12-30,1997,Brazil,Resende,9.2,24,0.05,209.75999999999996,7.87,1650.8111999999996
10803-25,10803,WELLI,25,3,1997-12-30,1997,Brazil,Resende,14.0,15,0.05,199.5,7.87,1570.065
10803-59,10803,WELLI,59,4,1997-12-30,1997,Brazil,Resende,55.0,15,0.05,783.75,7.87,6168.1125
10804-10,10804,SEVES,10,8,1997-12-30,1997,UK,London,31.0,36,0.0,1116.0,7.87,8782.92
10804-28,10804,SEVES,28,7,1997-12-30,1997,UK,London,45.6,24,0.0,1094.4,7.87,8612.928000000002
10804-49,10804,SEVES,49,3,1997-12-30,1997,UK,London,20.0,4,0.15,68.0,7.87,535.16
10805-34,10805,THEBI,34,1,1997-12-30,1997,USA,Portland,14.0,10,0.0,140.0,7.87,1101.8
10805-38,10805,THEBI,38,1,1997-12-30,1997,USA,Portland,263.5,10,0.0,2635.0,7.87,20737.45
10806-2,10806,VICTE,2,1,1997-12-31,1997,France,Lyon,19.0,20,0.25,285.0,7.87,2242.95
10806-65,10806,VICTE,65,2,1997-12-31,1997,France,Lyon,21.05,2,0.0,42.1,7.87,331.327
10806-74,10806,VICTE,74,7,1997-12-31,1997,France,Lyon,10.0,15,0.25,112.5,7.87,885.375
10807-40,10807,FRANS,40,8,1997-12-31,1997,Italy,Torino,18.4,1,0.0,18.4,7.87,144.808
10808-56,10808,OLDWO,56,5,1998-01-01,1998,USA,Anchorage,38.0,20,0.15,646.0,8.065,5209.99
10808-76,10808,OLDWO,76,1,1998-01-01,1998,USA,Anchorage,18.0,50,0.15,765.0,8.065,6169.724999999999
10809-52,10809,WELLI,52,5,1998-01-01,1998,Brazil,Resende,7.0,20,0.0,140.0,8.065,1129.1
10810-13,10810,LAUGB,13,8,1998-01-01,1998,Canada,Vancouver,6.0,7,0.0,42.0,8.065,338.72999999999996
10810-25,10810,LAUGB,25,3,1998-01-01,1998,Canada,Vancouver,14.0,5,0.0,70.0,8.065,564.55
10810-70,10810,LAUGB,70,1,1998-01-01,1998,Canada,Vancouver,15.0,5,0.0,75.0,8.065,604.875
10811-19,10811,LINOD,19,3,1998-01-02,1998,Venezuela,I. de Margarita,9.2,15,0.0,138.0,8.065,1112.97
10811-23,10811,LINOD,23,5,1998-01-02,1998,Venezuela,I. de Margarita,9.0,18,0.0,162.0,8.065,1306.53
10811-40,10811,LINOD,40,8,1998-01-02,1998,Venezuela,I. de Margarita,18.4,30,0.0,552.0,8.065,4451.88
10812-31,10812,REGGC,31,4,1998-01-02,1998,Italy,Reggio Emilia,12.5,16,0.1,180.0,8.065,1451.6999999999998
10812-72,10812,REGGC,72,4,1998-01-02,1998,Italy,Reggio Emilia,34.8,40,0.1,1252.8,8.065,10103.831999999999
10812-77,10812,REGGC,77,2,1998-01-02,1998,Italy,Reggio Emilia,13.0,20,0.0,260.0,8.065,2096.9
10813-2,10813,RICAR,2,1,1998-01-05,1998,Brazil,Rio de Janeiro,19.0,12,0.2,182.4,8.065,1471.056
10813-46,10813,RICAR,46,8,1998-01-05,1998,Brazil,Rio de Janeiro,12.0,35,0.0,420.0,8.065,3387.2999999999997
10814-41,10814,VICTE,41,8,1998-01-05,1998,France,Lyon,9.65,20,0.0,193.0,8.065,1556.5449999999998
10814-43,10814,VICTE,43,1,1998-01-05,1998,France,Lyon,46.0,20,0.15,782.0,8.065,6306.83
10814-48,10814,VICTE,48,3,1998-01-05,1998,France,Lyon,12.75,8,0.15,86.7,8.065,699.2355
10814-61,10814,VICTE,61,2,1998-01-05,1998,France,Lyon,28.5,30,0.15,726.75,8.065,5861.2387499999995
10815-33,10815,SAVEA,33,4,1998-01-05,1998,USA,Boise,2.5,16,0.0,40.0,8.065,322.59999999999997
10816-38,10816,GREAL,38,1,1998-01-06,1998,USA,Eugene,263.5,30,0.05,7509.75,8.065,60566.13374999999
10816-62,10816,GREAL,62,3,1998-01-06,1998,USA,Eugene,49.3,20,0.05,936.6999999999999,8.065,7554.485499999999
10817-26,10817,KOENE,26,3,1998-01-06,1998,Germany,Brandenburg,31.23,40,0.15,1061.82,8.065,8563.5783
10817-38,10817,KOENE,38,1,1998-01-06,1998,Germany,Brandenburg,263.5,30,0.0,7905.0,8.065,63753.825
10817-40,10817,KOENE,40,8,1998-01-06,1998,Germany,Brandenburg,18.4,60,0.15,938.4,8.065,7568.195999999999
10817-62,10817,KOENE,62,3,1998-01-06,1998,Germany,Brandenburg,49.3,25,0.15,1047.625,8.065,8449.095625
10818-32,10818,MAGAA,32,4,1998-01-07,1998,Italy,Bergamo,32.0,20,0.0,640.0,8.065,5161.599999999999
10818-41,10818,MAGAA,41,8,1998-01-07,1998,Italy,Bergamo,9.65,20,0.0,193.0,8.065,1556.5449999999998
10819-43,10819,CACTU,43,1,1998-01-07,1998,Argentina,Buenos Aires,46.0,7,0.0,322.0,8.065,2596.93
10819-75,10819,CACTU,75,1,1998-01-07,1998,Argentina,Buenos Aires,7.75,20,0.0,155.0,8.065,1250.0749999999998
10820-56,10820,RATTC,56,5,1998-01-07,1998,USA,Albuquerque,38.0,30,0.0,1140.0,8.065,9194.099999999999
10821-35,10821,SPLIR,35,1,1998-01-08,1998,USA,Lander,18.0,20,0.0,360.0,8.065,2903.3999999999996
10821-51,10821,SPLIR,51,7,1998-01-08,1998,USA,Lander,53.0,6,0.0,318.0,8.065,2564.6699999999996
10822-62,10822,TRAIH,62,3,1998-01-08,1998,USA,Kirkland,49.3,3,0.0,147.89999999999998,8.065,1192.8134999999997
10822-70,10822,TRAIH,70,1,1998-01-08,1998,USA,Kirkland,15.0,6,0.0,90.0,8.065,725.8499999999999
10823-11,10823,LILAS,11,4,1998-01-09,1998,Venezuela,Barquisimeto,21.0,20,0.1,378.0,8.065,3048.5699999999997
10823-57,10823,LILAS,57,5,1998-01-09,1998,Venezuela,Barquisimeto,19.5,15,0.0,292.5,8.065,2359.0125
10823-59,10823,LILAS,59,4,1998-01-09,1998,Venezuela,Barquisimeto,55.0,40,0.1,1980.0,8.065,15968.699999999999
10823-77,10823,LILAS,77,2,1998-01-09,1998,Venezuela,Barquisimeto,13.0,15,0.1,175.5,8.065,1415.4074999999998
10824-41,10824,FOLKO,41,8,1998-01-09,1998,Sweden,Bräcke,9.65,12,0.0,115.80000000000001,8.065,933.927
10824-70,10824,FOLKO,70,1,1998-01-09,1998,Sweden,Bräcke,15.0,9,0.0,135.0,8.065,1088.7749999999999
10825-26,10825,DRACD,26,3,1998-01-09,1998,Germany,Aachen,31.23,12,0.0,374.76,8.065,3022.4393999999998
10825-53,10825,DRACD,53,6,1998-01-09,1998,Germany,Aachen,32.8,20,0.0,656.0,8.065,5290.639999999999
10826-31,10826,BLONP,31,4,1998-01-12,1998,France,Strasbourg,12.5,35,0.0,437.5,8.065,3528.4375
10826-57,10826,BLONP,57,5,1998-01-12,1998,France,Strasbourg,19.5,15,0.0,292.5,8.065,2359.0125
10827-10,10827,BONAP,10,8,1998-01-12,1998,France,Marseille,31.0,15,0.0,465.0,8.065,3750.225
10827-39,10827,BONAP,39,1,1998-01-12,1998,France,Marseille,18.0,21,0.0,378.0,8.065,3048.5699999999997
10828-20,10828,RANCH,20,3,1998-01-13,1998,Argentina,Buenos Aires,81.0,5,0.0,405.0,8.065,3266.325
10828-38,10828,RANCH,38,1,1998-01-13,1998,Argentina,Buenos Aires,263.5,2,0.0,527.0,8.065,4250.255
10829-2,10829,ISLAT,2,1,1998-01-13,1998,UK,Cowes,19.0,10,0.0,190.0,8.065,1532.35
10829-8,10829,ISLAT,8,2,1998-01-13,1998,UK,Cowes,40.0,20,0.0,800.0,8.065,6452.0
10829-13,10829,ISLAT,13,8,1998-01-13,1998,UK,Cowes,6.0,10,0.0,60.0,8.065,483.9
10829-60,10829,ISLAT,60,4,1998-01-13,1998,UK,Cowes,34.0,21,0.0,714.0,8.065,5758.41
10830-6,10830,TRADH,6,2,1998-01-13,1998,Brazil,Sao Paulo,25.0,6,0.0,150.0,8.065,1209.75
10830-39,10830,TRADH,39,1,1998-01-13,1998,Brazil,Sao Paulo,18.0,28,0.0,504.0,8.065,4064.7599999999998
10830-60,10830,TRADH,60,4,1998-01-13,1998,Brazil,Sao Paulo,34.0,30,0.0,1020.0,8.065,8226.3
10830-68,10830,TRADH,68,3,1998-01-13,1998,Brazil,Sao Paulo,12.5,24,0.0,300.0,8.065,2419.5
10831-19,10831,SANTG,19,3,1998-01-14,1998,Norway,Stavern,9.2,2,0.0,18.4,8.065,148.396
10831-35,10831,SANTG,35,1,1998-01-14,1998,Norway,Stavern,18.0,8,0.0,144.0,8.065,1161.36
10831-38,10831,SANTG,38,1,1998-01-14,1998,Norway,Stavern,263.5,8,0.0,2108.0,8.065,17001.02
10831-43,10831,SANTG,43,1,1998-01-14,1998,Norway,Stavern,46.0,9,0.0,414.0,8.065,3338.91
10832-13,10832,LAMAI,13,8,1998-01-14,1998,France,Toulouse,6.0,3,0.2,14.4,8.065,116.136
10832-25,10832,LAMAI,25,3,1998-01-14,1998,France,Toulouse,14.0,10,0.2,112.0,8.065,903.28
10832-44,10832,LAMAI,44,2,1998-01-14,1998,France,Toulouse,19.45,16,0.2,248.96,8.065,2007.8624
10832-64,10832,LAMAI,64,5,1998-01-14,1998,France,Toulouse,33.25,3,0.0,99.75,8.065,804.48375
10833-7,10833,OTTIK,7,7,1998-01-15,1998,Germany,Köln,30.0,20,0.1,540.0,8.065,4355.099999999999
10833-31,10833,OTTIK,31,4,1998-01-15,1998,Germany,Köln,12.5,9,0.1,101.25,8.065,816.58125
10833-53,10833,OTTIK,53,6,1998-01-15,1998,Germany,Köln,32.8,9,0.1,265.68,8.065,2142.7092
10834-29,10834,TRADH,29,6,1998-01-15,1998,Brazil,Sao Paulo,123.79,8,0.05,940.804,8.065,7587.58426
10834-30,10834,TRADH,30,8,1998-01-15,1998,Brazil,Sao Paulo,25.89,20,0.05,491.9099999999999,8.065,3967.254149999999
10835-59,10835,ALFKI,59,4,1998-01-15,1998,Germany,Berlin,55.0,15,0.0,825.0,8.065,6653.625
10835-77,10835,ALFKI,77,2,1998-01-15,1998,Germany,Berlin,13.0,2,0.2,20.8,8.065,167.752
10836-22,10836,ERNSH,22,5,1998-01-16,1998,Austria,Graz,21.0,52,0.0,1092.0,8.065,8806.98
10836-35,10836,ERNSH,35,1,1998-01-16,1998,Austria,Graz,18.0,6,0.0,108.0,8.065,871.02
10836-57,10836,ERNSH,57,5,1998-01-16,1998,Austria,Graz,19.5,24,0.0,468.0,8.065,3774.4199999999996
10836-60,10836,ERNSH,60,4,1998-01-16,1998,Austria,Graz,34.0,60,0.0,2040.0,8.065,16452.6
10836-64,10836,ERNSH,64,5,1998-01-16,1998,Austria,Graz,33.25,30,0.0,997.5,8.065,8044.8375
10837-13,10837,BERGS,13,8,1998-01-16,1998,Sweden,Luleå,6.0,6,0.0,36.0,8.065,290.34
10837-40,10837,BERGS,40,8,1998-01-16,1998,Sweden,Luleå,18.4,25,0.0,459.99999999999994,8.065,3709.899999999999
10837-47,10837,BERGS,47,3,1998-01-16,1998,Sweden,Luleå,9.5,40,0.25,285.0,8.065,2298.5249999999996
10837-76,10837,BERGS,76,1,1998-01-16,1998,Sweden,Luleå,18.0,21,0.25,283.5,8.065,2286.4275
10838-1,10838,LINOD,1,1,1998-01-19,1998,Venezuela,I. de Margarita,18.0,4,0.25,54.0,8.065,435.51
10838-18,10838,LINOD,18,8,1998-01-19,1998,Venezuela,I. de Margarita,62.5,25,0.25,1171.875,8.065,9451.171875
10838-36,10838,LINOD,36,8,1998-01-19,1998,Venezuela,I. de Margarita,19.0,50,0.25,712.5,8.065,5746.3125
10839-58,10839,TRADH,58,8,1998-01-19,1998,Brazil,Sao Paulo,13.25,30,0.1,357.75,8.065,2885.25375
10839-72,10839,TRADH,72,4,1998-01-19,1998,Brazil,Sao Paulo,34.8,15,0.1,469.8,8.065,3788.937
10840-25,10840,LINOD,25,3,1998-01-19,1998,Venezuela,I. de Margarita,14.0,6,0.2,67.2,8.065,541.968
10840-39,10840,LINOD,39,1,1998-01-19,1998,Venezuela,I. de Margarita,18.0,10,0.2,144.0,8.065,1161.36
10841-10,10841,SUPRD,10,8,1998-01-20,1998,Belgium,Charleroi,31.0,16,0.0,496.0,8.065,4000.24
10841-56,10841,SUPRD,56,5,1998-01-20,1998,Belgium,Charleroi,38.0,30,0.0,1140.0,8.065,9194.099999999999
10841-59,10841,SUPRD,59,4,1998-01-20,1998,Belgium,Charleroi,55.0,50,0.0,2750.0,8.065,22178.75
10841-77,10841,SUPRD,77,2,1998-01-20,1998,Belgium,Charleroi,13.0,15,0.0,195.0,8.065,1572.675
10842-11,10842,TORTU,11,4,1998-01-20,1998,Mexico,México D.F.,21.0,15,0.0,315.0,8.065,2540.475
10842-43,10842,TORTU,43,1,1998-01-20,1998,Mexico,México D.F.,46.0,5,0.0,230.0,8.065,1854.9499999999998
10842-68,10842,TORTU,68,3,1998-01-20,1998,Mexico,México D.F.,12.5,20,0.0,250.0,8.065,2016.2499999999998
10842-70,10842,TORTU,70,1,1998-01-20,1998,Mexico,México D.F.,15.0,12,0.0,180.0,8.065,1451.6999999999998
10843-51,10843,VICTE,51,7,1998-01-21,1998,France,Lyon,53.0,4,0.25,159.0,8.065,1282.3349999999998
10844-22,10844,PICCO,22,5,1998-01-21,1998,Austria,Salzburg,21.0,35,0.0,735.0,8.065,5927.775
10845-23,10845,QUICK,23,5,1998-01-21,1998,Germany,Cunewalde,9.0,70,0.1,567.0,8.065,4572.855
10845-35,10845,QUICK,35,1,1998-01-21,1998,Germany,Cunewalde,18.0,25,0.1,405.0,8.065,3266.325
10845-42,10845,QUICK,42,5,1998-01-21,1998,Germany,Cunewalde,14.0,42,0.1,529.2,8.065,4267.9980000000005
10845-58,10845,QUICK,58,8,1998-01-21,1998,Germany,Cunewalde,13.25,60,0.1,715.5,8.065,5770.5075
10845-64,10845,QUICK,64,5,1998-01-21,1998,Germany,Cunewalde,33.25,48,0.0,1596.0,8.065,12871.74
10846-4,10846,SUPRD,4,2,1998-01-22,1998,Belgium,Charleroi,22.0,21,0.0,462.0,8.065,3726.0299999999997
10846-70,10846,SUPRD,70,1,1998-01-22,1998,Belgium,Charleroi,15.0,30,0.0,450.0,8.065,3629.25
10846-74,10846,SUPRD,74,7,1998-01-22,1998,Belgium,Charleroi,10.0,20,0.0,200.0,8.065,1613.0
10847-1,10847,SAVEA,1,1,1998-01-22,1998,USA,Boise,18.0,80,0.2,1152.0,8.065,9290.88
10847-19,10847,SAVEA,19,3,1998-01-22,1998,USA,Boise,9.2,12,0.2,88.32,8.065,712.3007999999999
10847-37,10847,SAVEA,37,8,1998-01-22,1998,USA,Boise,26.0,60,0.2,1248.0,8.065,10065.119999999999
10847-45,10847,SAVEA,45,8,1998-01-22,1998,USA,Boise,9.5,36,0.2,273.6,8.065,2206.584
10847-60,10847,SAVEA,60,4,1998-01-22,1998,USA,Boise,34.0,45,0.2,1224.0,8.065,9871.56
10847-71,10847,SAVEA,71,4,1998-01-22,1998,USA,Boise,21.5,55,0.2,946.0,8.065,7629.49
10848-5,10848,CONSH,5,2,1998-01-23,1998,UK,London,21.35,30,0.0,640.5,8.065,5165.6325
10848-9,10848,CONSH,9,6,1998-01-23,1998,UK,London,97.0,3,0.0,291.0,8.065,2346.915
10849-3,10849,KOENE,3,2,1998-01-23,1998,Germany,Brandenburg,10.0,49,0.0,490.0,8.065,3951.85
10849-26,10849,KOENE,26,3,1998-01-23,1998,Germany,Brandenburg,31.23,18,0.15,477.81899999999996,8.065,3853.6102349999996
10850-25,10850,VICTE,25,3,1998-01-23,1998,France,Lyon,14.0,20,0.15,238.0,8.065,1919.4699999999998
10850-33,10850,VICTE,33,4,1998-01-23,1998,France,Lyon,2.5,4,0.15,8.5,8.065,68.5525
10850-70,10850,VICTE,70,1,1998-01-23,1998,France,Lyon,15.0,30,0.15,382.5,8.065,3084.8624999999997
10851-2,10851,RICAR,2,1,1998-01-26,1998,Brazil,Rio de Janeiro,19.0,5,0.05,90.25,8.065,727.8662499999999
10851-25,10851,RICAR,25,3,1998-01-26,1998,Brazil,Rio de Janeiro,14.0,10,0.05,133.0,8.065,1072.645
10851-57,10851,RICAR,57,5,1998-01-26,1998,Brazil,Rio de Janeiro,19.5,10,0.05,185.25,8.065,1494.04125
10851-59,10851,RICAR,59,4,1998-01-26,1998,Brazil,Rio de Janeiro,55.0,42,0.05,2194.5,8.065,17698.642499999998
10852-2,10852,RATTC,2,1,1998-01-26,1998,USA,Albuquerque,19.0,15,0.0,285.0,8.065,2298.5249999999996
10852-17,10852,RATTC,17,6,1998-01-26,1998,USA,Albuquerque,39.0,6,0.0,234.0,8.065,1887.2099999999998
10852-62,10852,RATTC,62,3,1998-01-26,1998,USA,Albuquerque,49.3,50,0.0,2465.0,8.065,19880.225
10853-18,10853,BLAUS,18,8,1998-01-27,1998,Germany,Mannheim,62.5,10,0.0,625.0,8.065,5040.625
10854-10,10854,ERNSH,10,8,1998-01-27,1998,Austria,Graz,31.0,100,0.15,2635.0,8.065,21251.274999999998
10854-13,10854,ERNSH,13,8,1998-01-27,1998,Austria,Graz,6.0,65,0.15,331.5,8.065,2673.5474999999997
10855-16,10855,OLDWO,16,3,1998-01-27,1998,USA,Anchorage,17.45,50,0.0,872.5,8.065,7036.7125
10855-31,10855,OLDWO,31,4,1998-01-27,1998,USA,Anchorage,12.5,14,0.0,175.0,8.065,1411.375
10855-56,10855,OLDWO,56,5,1998-01-27,1998,USA,Anchorage,38.0,24,0.0,912.0,8.065,7355.28
10855-65,10855,OLDWO,65,2,1998-01-27,1998,USA,Anchorage,21.05,15,0.15,268.3875,8.065,2164.5451875
10856-2,10856,ANTON,2,1,1998-01-28,1998,Mexico,México D.F.,19.0,20,0.0,380.0,8.065,3064.7
10856-42,10856,ANTON,42,5,1998-01-28,1998,Mexico,México D.F.,14.0,20,0.0,280.0,8.065,2258.2
10857-3,10857,BERGS,3,2,1998-01-28,1998,Sweden,Luleå,10.0,30,0.0,300.0,8.065,2419.5
10857-26,10857,BERGS,26,3,1998-01-28,1998,Sweden,Luleå,31.23,35,0.25,819.7874999999999,8.065,6611.586187499999
10857-29,10857,BERGS,29,6,1998-01-28,1998,Sweden,Luleå,123.79,10,0.25,928.4250000000001,8.065,7487.747625
10858-7,10858,LACOR,7,7,1998-01-29,1998,France,Versailles,30.0,5,0.0,150.0,8.065,1209.75
10858-27,10858,LACOR,27,3,1998-01-29,1998,France,Versailles,43.9,10,0.0,439.0,8.065,3540.535
10858-70,10858,LACOR,70,1,1998-01-29,1998,France,Versailles,15.0,4,0.0,60.0,8.065,483.9
10859-24,10859,FRANK,24,1,1998-01-29,1998,Germany,München,4.5,40,0.25,135.0,8.065,1088.7749999999999
10859-54,10859,FRANK,54,6,1998-01-29,1998,Germany,München,7.45,35,0.25,195.5625,8.065,1577.2115625
10859-64,10859,FRANK,64,5,1998-01-29,1998,Germany,München,33.25,30,0.25,748.125,8.065,6033.628124999999
10860-51,10860,FRANR,51,7,1998-01-29,1998,France,Nantes,53.0,3,0.0,159.0,8.065,1282.3349999999998
10860-76,10860,FRANR,76,1,1998-01-29,1998,France,Nantes,18.0,20,0.0,360.0,8.065,2903.3999999999996
10861-17,10861,WHITC,17,6,1998-01-30,1998,USA,Seattle,39.0,42,0.0,1638.0,8.065,13210.47
10861-18,10861,WHITC,18,8,1998-01-30,1998,USA,Seattle,62.5,20,0.0,1250.0,8.065,10081.25
10861-21,10861,WHITC,21,3,1998-01-30,1998,USA,Seattle,10.0,40,0.0,400.0,8.065,3226.0
10861-33,10861,WHITC,33,4,1998-01-30,1998,USA,Seattle,2.5,35,0.0,87.5,8.065,705.6875
10861-62,10861,WHITC,62,3,1998-01-30,1998,USA,Seattle,49.3,3,0.0,147.89999999999998,8.065,1192.8134999999997
10862-11,10862,LEHMS,11,4,1998-01-30,1998,Germany,Frankfurt a.M.,21.0,25,0.0,525.0,8.065,4234.125
10862-52,10862,LEHMS,52,5,1998-01-30,1998,Germany,Frankfurt a.M.,7.0,8,0.0,56.0,8.065,451.64
10863-1,10863,HILAA,1,1,1998-02-02,1998,Venezuela,San Cristóbal,18.0,20,0.15,306.0,8.065,2467.89
10863-58,10863,HILAA,58,8,1998-02-02,1998,Venezuela,San Cristóbal,13.25,12,0.15,135.15,8.065,1089.98475
10864-35,10864,AROUT,35,1,1998-02-02,1998,UK,Colchester,18.0,4,0.0,72.0,8.065,580.68
10864-67,10864,AROUT,67,1,1998-02-02,1998,UK,Colchester,14.0,15,0.0,210.0,8.065,1693.6499999999999
10865-38,10865,QUICK,38,1,1998-02-02,1998,Germany,Cunewalde,263.5,60,0.05,15019.5,8.065,121132.26749999999
10865-39,10865,QUICK,39,1,1998-02-02,1998,Germany,Cunewalde,18.0,80,0.05,1368.0,8.065,11032.92
10866-2,10866,BERGS,2,1,1998-02-03,1998,Sweden,Luleå,19.0,21,0.25,299.25,8.065,2413.45125
10866-24,10866,BERGS,24,1,1998-02-03,1998,Sweden,Luleå,4.5,6,0.25,20.25,8.065,163.31625
10866-30,10866,BERGS,30,8,1998-02-03,1998,Sweden,Luleå,25.89,40,0.25,776.6999999999999,8.065,6264.085499999999
10867-53,10867,LONEP,53,6,1998-02-03,1998,USA,Portland,32.8,3,0.0,98.39999999999999,8.065,793.5959999999999
10868-26,10868,QUEEN,26,3,1998-02-04,1998,Brazil,Sao Paulo,31.23,20,0.0,624.6,8.065,5037.398999999999
10868-35,10868,QUEEN,35,1,1998-02-04,1998,Brazil,Sao Paulo,18.0,30,0.0,540.0,8.065,4355.099999999999
10868-49,10868,QUEEN,49,3,1998-02-04,1998,Brazil,Sao Paulo,20.0,42,0.1,756.0,8.065,6097.139999999999
10869-1,10869,SEVES,1,1,1998-02-04,1998,UK,London,18.0,40,0.0,720.0,8.065,5806.799999999999
10869-11,10869,SEVES,11,4,1998-02-04,1998,UK,London,21.0,10,0.0,210.0,8.065,1693.6499999999999
10869-23,10869,SEVES,23,5,1998-02-04,1998,UK,London,9.0,50,0.0,450.0,8.065,3629.25
10869-68,10869,SEVES,68,3,1998-02-04,1998,UK,London,12.5,20,0.0,250.0,8.065,2016.2499999999998
10870-35,10870,WOLZA,35,1,1998-02-04,1998,Poland,Warszawa,18.0,3,0.0,54.0,8.065,435.51
10870-51,10870,WOLZA,51,7,1998-02-04,1998,Poland,Warszawa,53.0,2,0.0,106.0,8.065,854.89
10871-6,10871,BONAP,6,2,1998-02-05,1998,France,Marseille,25.0,50,0.05,1187.5,8.065,9577.1875
10871-16,10871,BONAP,16,3,1998-02-05,1998,France,Marseille,17.45,12,0.05,198.92999999999998,8.065,1604.3704499999997
10871-17,10871,BONAP,17,6,1998-02-05,1998,France,Marseille,39.0,16,0.05,592.8,8.065,4780.932
10872-55,10872,GODOS,55,6,1998-02-05,1998,Spain,Sevilla,24.0,10,0.05,228.0,8.065,1838.82
10872-62,10872,GODOS,62,3,1998-02-05,1998,Spain,Sevilla,49.3,20,0.05,936.6999999999999,8.065,7554.485499999999
10872-64,10872,GODOS,64,5,1998-02-05,1998,Spain,Sevilla,33.25,15,0.05,473.8125,8.065,3821.2978125
10872-65,10872,GODOS,65,2,1998-02-05,1998,Spain,Sevilla,21.05,21,0.05,419.9475,8.065,3386.8765875
10873-21,10873,WILMK,21,3,1998-02-06,1998,Finland,Helsinki,10.0,20,0.0,200.0,8.065,1613.0
10873-28,10873,WILMK,28,7,1998-02-06,1998,Finland,Helsinki,45.6,3,0.0,136.8,8.065,1103.292
10874-10,10874,GODOS,10,8,1998-02-06,1998,Spain,Sevilla,31.0,10,0.0,310.0,8.065,2500.1499999999996
10875-19,10875,BERGS,19,3,1998-02-06,1998,Sweden,Luleå,9.2,25,0.0,229.99999999999997,8.065,1854.9499999999996
10875-47,10875,BERGS,47,3,1998-02-06,1998,Sweden,Luleå,9.5,21,0.1,179.55,8.065,1448.07075
10875-49,10875,BERGS,49,3,1998-02-06,1998,Sweden,Luleå,20.0,15,0.0,300.0,8.065,2419.5
10876-46,10876,BONAP,46,8,1998-02-09,1998,France,Marseille,12.0,21,0.0,252.0,8.065,2032.3799999999999
10876-64,10876,BONAP,64,5,1998-02-09,1998,France,Marseille,33.25,20,0.0,665.0,8.065,5363.224999999999
10877-16,10877,RICAR,16,3,1998-02-09,1998,Brazil,Rio de Janeiro,17.45,30,0.25,392.625,8.065,3166.5206249999997
10877-18,10877,RICAR,18,8,1998-02-09,1998,Brazil,Rio de Janeiro,62.5,25,0.0,1562.5,8.065,12601.5625
10878-20,10878,QUICK,20,3,1998-02-10,1998,Germany,Cunewalde,81.0,20,0.05,1539.0,8.065,12412.035
10879-40,10879,WILMK,40,8,1998-02-10,1998,Finland,Helsinki,18.4,12,0.0,220.79999999999998,8.065,1780.7519999999997
10879-65,10879,WILMK,65,2,1998-02-10,1998,Finland,Helsinki,21.05,10,0.0,210.5,8.065,1697.6825
10879-76,10879,WILMK,76,1,1998-02-10,1998,Finland,Helsinki,18.0,10,0.0,180.0,8.065,1451.6999999999998
10880-23,10880,FOLKO,23,5,1998-02-10,1998,Sweden,Bräcke,9.0,30,0.2,216.0,8.065,1742.04
10880-61,10880,FOLKO,61,2,1998-02-10,1998,Sweden,Bräcke,28.5,30,0.2,684.0,8.065,5516.46
10880-70,10880,FOLKO,70,1,1998-02-10,1998,Sweden,Bräcke,15.0,50,0.2,600.0,8.065,4839.0
10881-73,10881,CACTU,73,8,1998-02-11,1998,Argentina,Buenos Aires,15.0,10,0.0,150.0,8.065,1209.75
10882-42,10882,SAVEA,42,5,1998-02-11,1998,USA,Boise,14.0,25,0.0,350.0,8.065,2822.75
10882-49,10882,SAVEA,49,3,1998-02-11,1998,USA,Boise,20.0,20,0.15,340.0,8.065,2742.1
10882-54,10882,SAVEA,54,6,1998-02-11,1998,USA,Boise,7.45,32,0.15,202.64,8.065,1634.2915999999998
10883-24,10883,LONEP,24,1,1998-02-12,1998,USA,Portland,4.5,8,0.0,36.0,8.065,290.34
10884-21,10884,LETSS,21,3,1998-02-12,1998,USA,San Francisco,10.0,40,0.05,380.0,8.065,3064.7
10884-56,10884,LETSS,56,5,1998-02-12,1998,USA,San Francisco,38.0,21,0.05,758.0999999999999,8.065,6114.076499999999
10884-65,10884,LETSS,65,2,1998-02-12,1998,USA,San Francisco,21.05,12,0.05,239.97,8.065,1935.3580499999998
10885-2,10885,SUPRD,2,1,1998-02-12,1998,Belgium,Charleroi,19.0,20,0.0,380.0,8.065,3064.7
10885-24,10885,SUPRD,24,1,1998-02-12,1998,Belgium,Charleroi,4.5,12,0.0,54.0,8.065,435.51
10885-70,10885,SUPRD,70,1,1998-02-12,1998,Belgium,Charleroi,15.0,30,0.0,450.0,8.065,3629.25
10885-77,10885,SUPRD,77,2,1998-02-12,1998,Belgium,Charleroi,13.0,25,0.0,325.0,8.065,2621.125
10886-10,10886,HANAR,10,8,1998-02-13,1998,Brazil,Rio de Janeiro,31.0,70,0.0,2170.0,8.065,17501.05
10886-31,10886,HANAR,31,4,1998-02-13,1998,Brazil,Rio de Janeiro,12.5,35,0.0,437.5,8.065,3528.4375
10886-77,10886,HANAR,77,2,1998-02-13,1998,Brazil,Rio de Janeiro,13.0,40,0.0,520.0,8.065,4193.8
10887-25,10887,GALED,25,3,1998-02-13,1998,Spain,Barcelona,14.0,5,0.0,70.0,8.065,564.55
10888-2,10888,GODOS,2,1,1998-02-16,1998,Spain,Sevilla,19.0,20,0.0,380.0,8.065,3064.7
10888-68,10888,GODOS,68,3,1998-02-16,1998,Spain,Sevilla,12.5,18,0.0,225.0,8.065,1814.625
10889-11,10889,RATTC,11,4,1998-02-16,1998,USA,Albuquerque,21.0,40,0.0,840.0,8.065,6774.599999999999
10889-38,10889,RATTC,38,1,1998-02-16,1998,USA,Albuquerque,263.5,40,0.0,10540.0,8.065,85005.09999999999
10890-17,10890,DUMON,17,6,1998-02-16,1998,France,Nantes,39.0,15,0.0,585.0,8.065,4718.025
10890-34,10890,DUMON,34,1,1998-02-16,1998,France,Nantes,14.0,10,0.0,140.0,8.065,1129.1
10890-41,10890,DUMON,41,8,1998-02-16,1998,France,Nantes,9.65,14,0.0,135.1,8.065,1089.5814999999998
10891-30,10891,LEHMS,30,8,1998-02-17,1998,Germany,Frankfurt a.M.,25.89,15,0.05,368.9325,8.065,2975.4406125
10892-59,10892,MAISD,59,4,1998-02-17,1998,Belgium,Bruxelles,55.0,40,0.05,2090.0,8.065,16855.85
10893-8,10893,KOENE,8,2,1998-02-18,1998,Germany,Brandenburg,40.0,30,0.0,1200.0,8.065,9678.0
10893-24,10893,KOENE,24,1,1998-02-18,1998,Germany,Brandenburg,4.5,10,0.0,45.0,8.065,362.92499999999995
10893-29,10893,KOENE,29,6,1998-02-18,1998,Germany,Brandenburg,123.79,24,0.0,2970.96,8.065,23960.7924
10893-30,10893,KOENE,30,8,1998-02-18,1998,Germany,Brandenburg,25.89,35,0.0,906.15,8.065,7308.099749999999
10893-36,10893,KOENE,36,8,1998-02-18,1998,Germany,Brandenburg,19.0,20,0.0,380.0,8.065,3064.7
10894-13,10894,SAVEA,13,8,1998-02-18,1998,USA,Boise,6.0,28,0.05,159.6,8.065,1287.174
10894-69,10894,SAVEA,69,4,1998-02-18,1998,USA,Boise,36.0,50,0.05,1710.0,8.065,13791.15
10894-75,10894,SAVEA,75,1,1998-02-18,1998,USA,Boise,7.75,120,0.05,883.5,8.065,7125.4275
10895-24,10895,ERNSH,24,1,1998-02-18,1998,Austria,Graz,4.5,110,0.0,495.0,8.065,3992.1749999999997
10895-39,10895,ERNSH,39,1,1998-02-18,1998,Austria,Graz,18.0,45,0.0,810.0,8.065,6532.65
10895-40,10895,ERNSH,40,8,1998-02-18,1998,Austria,Graz,18.4,91,0.0,1674.3999999999999,8.065,13504.035999999998
10895-60,10895,ERNSH,60,4,1998-02-18,1998,Austria,Graz,34.0,100,0.0,3400.0,8.065,27421.0
10896-45,10896,MAISD,45,8,1998-02-19,1998,Belgium,Bruxelles,9.5,15,0.0,142.5,8.065,1149.2624999999998
10896-56,10896,MAISD,56,5,1998-02-19,1998,Belgium,Bruxelles,38.0,16,0.0,608.0,8.065,4903.5199999999995
10897-29,10897,HUNGO,29,6,1998-02-19,1998,Ireland,Cork,123.79,80,0.0,9903.2,8.065,79869.308
10897-30,10897,HUNGO,30,8,1998-02-19,1998,Ireland,Cork,25.89,36,0.0,932.04,8.065,7516.902599999999
10898-13,10898,OCEAN,13,8,1998-02-20,1998,Argentina,Buenos Aires,6.0,5,0.0,30.0,8.065,241.95
10899-39,10899,LILAS,39,1,1998-02-20,1998,Venezuela,Barquisimeto,18.0,8,0.15,122.39999999999999,8.065,987.1559999999998
10900-70,10900,WELLI,70,1,1998-02-20,1998,Brazil,Resende,15.0,3,0.25,33.75,8.065,272.19374999999997
10901-41,10901,HILAA,41,8,1998-02-23,1998,Venezuela,San Cristóbal,9.65,30,0.0,289.5,8.065,2334.8174999999997
10901-71,10901,HILAA,71,4,1998-02-23,1998,Venezuela,San Cristóbal,21.5,30,0.0,645.0,8.065,5201.924999999999
10902-55,10902,FOLKO,55,6,1998-02-23,1998,Sweden,Bräcke,24.0,30,0.15,612.0,8.065,4935.78
10902-62,10902,FOLKO,62,3,1998-02-23,1998,Sweden,Bräcke,49.3,6,0.15,251.42999999999995,8.065,2027.7829499999996
10903-13,10903,HANAR,13,8,1998-02-24,1998,Brazil,Rio de Janeiro,6.0,40,0.0,240.0,8.065,1935.6
10903-65,10903,HANAR,65,2,1998-02-24,1998,Brazil,Rio de Janeiro,21.05,21,0.0,442.05,8.065,3565.13325
10903-68,10903,HANAR,68,3,1998-02-24,1998,Brazil,Rio de Janeiro,12.5,20,0.0,250.0,8.065,2016.2499999999998
10904-58,10904,WHITC,58,8,1998-02-24,1998,USA,Seattle,13.25,15,0.0,198.75,8.065,1602.9187499999998
10904-62,10904,WHITC,62,3,1998-02-24,1998,USA,Seattle,49.3,35,0.0,1725.5,8.065,13916.1575
10905-1,10905,WELLI,1,1,1998-02-24,1998,Brazil,Resende,18.0,20,0.05,342.0,8.065,2758.23
10906-61,10906,WOLZA,61,2,1998-02-25,1998,Poland,Warszawa,28.5,15,0.0,427.5,8.065,3447.7875
10907-75,10907,SPECD,75,1,1998-02-25,1998,France,Paris,7.75,14,0.0,108.5,8.065,875.0524999999999
10908-7,10908,REGGC,7,7,1998-02-26,1998,Italy,Reggio Emilia,30.0,20,0.05,570.0,8.065,4597.049999999999
10908-52,10908,REGGC,52,5,1998-02-26,1998,Italy,Reggio Emilia,7.0,14,0.05,93.1,8.065,750.8514999999999
10909-7,10909,SANTG,7,7,1998-02-26,1998,Norway,Stavern,30.0,12,0.0,360.0,8.065,2903.3999999999996
10909-16,10909,SANTG,16,3,1998-02-26,1998,Norway,Stavern,17.45,15,0.0,261.75,8.065,2111.01375
10909-41,10909,SANTG,41,8,1998-02-26,1998,Norway,Stavern,9.65,5,0.0,48.25,8.065,389.13624999999996
10910-19,10910,WILMK,19,3,1998-02-26,1998,Finland,Helsinki,9.2,12,0.0,110.39999999999999,8.065,890.3759999999999
10910-49,10910,WILMK,49,3,1998-02-26,1998,Finland,Helsinki,20.0,10,0.0,200.0,8.065,1613.0
10910-61,10910,WILMK,61,2,1998-02-26,1998,Finland,Helsinki,28.5,5,0.0,142.5,8.065,1149.2624999999998
10911-1,10911,GODOS,1,1,1998-02-26,1998,Spain,Sevilla,18.0,10,0.0,180.0,8.065,1451.6999999999998
10911-17,10911,GODOS,17,6,1998-02-26,1998,Spain,Sevilla,39.0,12,0.0,468.0,8.065,3774.4199999999996
10911-67,10911,GODOS,67,1,1998-02-26,1998,Spain,Sevilla,14.0,15,0.0,210.0,8.065,1693.6499999999999
10912-11,10912,HUNGO,11,4,1998-02-26,1998,Ireland,Cork,21.0,40,0.25,630.0,8.065,5080.95
10912-29,10912,HUNGO,29,6,1998-02-26,1998,Ireland,Cork,123.79,60,0.25,5570.55,8.065,44926.48575
10913-4,10913,QUEEN,4,2,1998-02-26,1998,Brazil,Sao Paulo,22.0,30,0.25,495.0,8.065,3992.1749999999997
10913-33,10913,QUEEN,33,4,1998-02-26,1998,Brazil,Sao Paulo,2.5,40,0.25,75.0,8.065,604.875
10913-58,10913,QUEEN,58,8,1998-02-26,1998,Brazil,Sao Paulo,13.25,15,0.0,198.75,8.065,1602.9187499999998
10914-71,10914,QUEEN,71,4,1998-02-27,1998,Brazil,Sao Paulo,21.5,25,0.0,537.5,8.065,4334.9375
10915-17,10915,TORTU,17,6,1998-02-27,1998,Mexico,México D.F.,39.0,10,0.0,390.0,8.065,3145.35
10915-33,10915,TORTU,33,4,1998-02-27,1998,Mexico,México D.F.,2.5,30,0.0,75.0,8.065,604.875
10915-54,10915,TORTU,54,6,1998-02-27,1998,Mexico,México D.F.,7.45,10,0.0,74.5,8.065,600.8425
10916-16,10916,RANCH,16,3,1998-02-27,1998,Argentina,Buenos Aires,17.45,6,0.0,104.69999999999999,8.065,844.4054999999998
10916-32,10916,RANCH,32,4,1998-02-27,1998,Argentina,Buenos Aires,32.0,6,0.0,192.0,8.065,1548.48
10916-57,10916,RANCH,57,5,1998-02-27,1998,Argentina,Buenos Aires,19.5,20,0.0,390.0,8.065,3145.35
10917-30,10917,ROMEY,30,8,1998-03-02,1998,Spain,Madrid,25.89,1,0.0,25.89,8.065,208.80284999999998
10917-60,10917,ROMEY,60,4,1998-03-02,1998,Spain,Madrid,34.0,10,0.0,340.0,8.065,2742.1
10918-1,10918,BOTTM,1,1,1998-03-02,1998,Canada,Tsawassen,18.0,60,0.25,810.0,8.065,6532.65
10918-60,10918,BOTTM,60,4,1998-03-02,1998,Canada,Tsawassen,34.0,25,0.25,637.5,8.065,5141.4375
10919-16,10919,LINOD,16,3,1998-03-02,1998,Venezuela,I. de Margarita,17.45,24,0.0,418.79999999999995,8.065,3377.6219999999994
10919-25,10919,LINOD,25,3,1998-03-02,1998,Venezuela,I. de Margarita,14.0,24,0.0,336.0,8.065,2709.8399999999997
10919-40,10919,LINOD,40,8,1998-03-02,1998,Venezuela,I. de Margarita,18.4,20,0.0,368.0,8.065,2967.9199999999996
10920-50,10920,AROUT,50,3,1998-03-03,1998,UK,Colchester,16.25,24,0.0,390.0,8.065,3145.35
10921-35,10921,VAFFE,35,1,1998-03-03,1998,Denmark,Århus,18.0,10,0.0,180.0,8.065,1451.6999999999998
10921-63,10921,VAFFE,63,2,1998-03-03,1998,Denmark,Århus,43.9,40,0.0,1756.0,8.065,14162.14
10922-17,10922,HANAR,17,6,1998-03-03,1998,Brazil,Rio de Janeiro,39.0,15,0.0,585.0,8.065,4718.025
10922-24,10922,HANAR,24,1,1998-03-03,1998,Brazil,Rio de Janeiro,4.5,35,0.0,157.5,8.065,1270.2375
10923-42,10923,LAMAI,42,5,1998-03-03,1998,France,Toulouse,14.0,10,0.2,112.0,8.065,903.28
10923-43,10923,LAMAI,43,1,1998-03-03,1998,France,Toulouse,46.0,10,0.2,368.0,8.065,2967.9199999999996
10923-67,10923,LAMAI,67,1,1998-03-03,1998,France,Toulouse,14.0,24,0.2,268.8,8.065,2167.872
10924-10,10924,BERGS,10,8,1998-03-04,1998,Sweden,Luleå,31.0,20,0.1,558.0,8.065,4500.2699999999995
10924-28,10924,BERGS,28,7,1998-03-04,1998,Sweden,Luleå,45.6,30,0.1,1231.2,8.065,9929.628
10924-75,10924,BERGS,75,1,1998-03-04,1998,Sweden,Luleå,7.75,6,0.0,46.5,8.065,375.0225
10925-36,10925,HANAR,36,8,1998-03-04,1998,Brazil,Rio de Janeiro,19.0,25,0.15,403.75,8.065,3256.2437499999996
10925-52,10925,HANAR,52,5,1998-03-04,1998,Brazil,Rio de Janeiro,7.0,12,0.15,71.39999999999999,8.065,575.8409999999999
10926-11,10926,ANATR,11,4,1998-03-04,1998,Mexico,México D.F.,21.0,2,0.0,42.0,8.065,338.72999999999996
10926-13,10926,ANATR,13,8,1998-03-04,1998,Mexico,México D.F.,6.0,10,0.0,60.0,8.065,483.9
10926-19,10926,ANATR,19,3,1998-03-04,1998,Mexico,México D.F.,9.2,7,0.0,64.39999999999999,8.065,519.3859999999999
10926-72,10926,ANATR,72,4,1998-03-04,1998,Mexico,México D.F.,34.8,10,0.0,348.0,8.065,2806.62
10927-20,10927,LACOR,20,3,1998-03-05,1998,France,Versailles,81.0,5,0.0,405.0,8.065,3266.325
10927-52,10927,LACOR,52,5,1998-03-05,1998,France,Versailles,7.0,5,0.0,35.0,8.065,282.275
10927-76,10927,LACOR,76,1,1998-03-05,1998,France,Versailles,18.0,20,0.0,360.0,8.065,2903.3999999999996
10928-47,10928,GALED,47,3,1998-03-05,1998,Spain,Barcelona,9.5,5,0.0,47.5,8.065,383.0875
10928-76,10928,GALED,76,1,1998-03-05,1998,Spain,Barcelona,18.0,5,0.0,90.0,8.065,725.8499999999999
10929-21,10929,FRANK,21,3,1998-03-05,1998,Germany,München,10.0,60,0.0,600.0,8.065,4839.0
10929-75,10929,FRANK,75,1,1998-03-05,1998,Germany,München,7.75,49,0.0,379.75,8.065,3062.6837499999997
10929-77,10929,FRANK,77,2,1998-03-05,1998,Germany,München,13.0,15,0.0,195.0,8.065,1572.675
10930-21,10930,SUPRD,21,3,1998-03-06,1998,Belgium,Charleroi,10.0,36,0.0,360.0,8.065,2903.3999999999996
10930-27,10930,SUPRD,27,3,1998-03-06,1998,Belgium,Charleroi,43.9,25,0.0,1097.5,8.065,8851.3375
10930-55,10930,SUPRD,55,6,1998-03-06,1998,Belgium,Charleroi,24.0,25,0.2,480.0,8.065,3871.2
10930-58,10930,SUPRD,58,8,1998-03-06,1998,Belgium,Charleroi,13.25,30,0.2,318.0,8.065,2564.6699999999996
10931-13,10931,RICSU,13,8,1998-03-06,1998,Switzerland,Genève,6.0,42,0.15,214.2,8.065,1727.523
10931-57,10931,RICSU,57,5,1998-03-06,1998,Switzerland,Genève,19.5,30,0.0,585.0,8.065,4718.025
10932-16,10932,BONAP,16,3,1998-03-06,1998,France,Marseille,17.45,30,0.1,471.15000000000003,8.065,3799.82475
10932-62,10932,BONAP,62,3,1998-03-06,1998,France,Marseille,49.3,14,0.1,621.18,8.065,5009.816699999999
10932-72,10932,BONAP,72,4,1998-03-06,1998,France,Marseille,34.8,16,0.0,556.8,8.065,4490.592
10932-75,10932,BONAP,75,1,1998-03-06,1998,France,Marseille,7.75,20,0.1,139.5,8.065,1125.0674999999999
10933-53,10933,ISLAT,53,6,1998-03-06,1998,UK,Cowes,32.8,2,0.0,65.6,8.065,529.064
10933-61,10933,ISLAT,61,2,1998-03-06,1998,UK,Cowes,28.5,30,0.0,855.0,8.065,6895.575
10934-6,10934,LEHMS,6,2,1998-03-09,1998,Germany,Frankfurt a.M.,25.0,20,0.0,500.0,8.065,4032.4999999999995
10935-1,10935,WELLI,1,1,1998-03-09,1998,Brazil,Resende,18.0,21,0.0,378.0,8.065,3048.5699999999997
10935-18,10935,WELLI,18,8,1998-03-09,1998,Brazil,Resende,62.5,4,0.25,187.5,8.065,1512.1875
10935-23,10935,WELLI,23,5,1998-03-09,1998,Brazil,Resende,9.0,8,0.25,54.0,8.065,435.51
10936-36,10936,GREAL,36,8,1998-03-09,1998,USA,Eugene,19.0,30,0.2,456.0,8.065,3677.64
10937-28,10937,CACTU,28,7,1998-03-10,1998,Argentina,Buenos Aires,45.6,8,0.0,364.8,8.065,2942.112
10937-34,10937,CACTU,34,1,1998-03-10,1998,Argentina,Buenos Aires,14.0,20,0.0,280.0,8.065,2258.2
10938-13,10938,QUICK,13,8,1998-03-10,1998,Germany,Cunewalde,6.0,20,0.25,90.0,8.065,725.8499999999999
10938-43,10938,QUICK,43,1,1998-03-10,1998,Germany,Cunewalde,46.0,24,0.25,828.0,8.065,6677.82
10938-60,10938,QUICK,60,4,1998-03-10,1998,Germany,Cunewalde,34.0,49,0.25,1249.5,8.065,10077.217499999999
10938-71,10938,QUICK,71,4,1998-03-10,1998,Germany,Cunewalde,21.5,35,0.25,564.375,8.065,4551.684375
10939-2,10939,MAGAA,2,1,1998-03-10,1998,Italy,Bergamo,19.0,10,0.15,161.5,8.065,1302.4975
10939-67,10939,MAGAA,67,1,1998-03-10,1998,Italy,Bergamo,14.0,40,0.15,476.0,8.065,3838.9399999999996
10940-7,10940,BONAP,7,7,1998-03-11,1998,France,Marseille,30.0,8,0.0,240.0,8.065,1935.6
10940-13,10940,BONAP,13,8,1998-03-11,1998,France,Marseille,6.0,20,0.0,120.0,8.065,967.8
10941-31,10941,SAVEA,31,4,1998-03-11,1998,USA,Boise,12.5,44,0.25,412.5,8.065,3326.8125
10941-62,10941,SAVEA,62,3,1998-03-11,1998,USA,Boise,49.3,30,0.25,1109.25,8.065,8946.10125
10941-68,10941,SAVEA,68,3,1998-03-11,1998,USA,Boise,12.5,80,0.25,750.0,8.065,6048.75
10941-72,10941,SAVEA,72,4,1998-03-11,1998,USA,Boise,34.8,50,0.0,1739.9999999999998,8.065,14033.099999999997
10942-49,10942,REGGC,49,3,1998-03-11,1998,Italy,Reggio Emilia,20.0,28,0.0,560.0,8.065,4516.4
10943-13,10943,BSBEV,13,8,1998-03-11,1998,UK,London,6.0,15,0.0,90.0,8.065,725.8499999999999
10943-22,10943,BSBEV,22,5,1998-03-11,1998,UK,London,21.0,21,0.0,441.0,8.065,3556.665
10943-46,10943,BSBEV,46,8,1998-03-11,1998,UK,London,12.0,15,0.0,180.0,8.065,1451.6999999999998
10944-11,10944,BOTTM,11,4,1998-03-12,1998,Canada,Tsawassen,21.0,5,0.25,78.75,8.065,635.11875
10944-44,10944,BOTTM,44,2,1998-03-12,1998,Canada,Tsawassen,19.45,18,0.25,262.575,8.065,2117.667375
10944-56,10944,BOTTM,56,5,1998-03-12,1998,Canada,Tsawassen,38.0,18,0.0,684.0,8.065,5516.46
10945-13,10945,MORGK,13,8,1998-03-12,1998,Germany,Leipzig,6.0,20,0.0,120.0,8.065,967.8
10945-31,10945,MORGK,31,4,1998-03-12,1998,Germany,Leipzig,12.5,10,0.0,125.0,8.065,1008.1249999999999
10946-10,10946,VAFFE,10,8,1998-03-12,1998,Denmark,Århus,31.0,25,0.0,775.0,8.065,6250.375
10946-24,10946,VAFFE,24,1,1998-03-12,1998,Denmark,Århus,4.5,25,0.0,112.5,8.065,907.3125
10946-77,10946,VAFFE,77,2,1998-03-12,1998,Denmark,Århus,13.0,40,0.0,520.0,8.065,4193.8
10947-59,10947,BSBEV,59,4,1998-03-13,1998,UK,London,55.0,4,0.0,220.0,8.065,1774.3
10948-50,10948,GODOS,50,3,1998-03-13,1998,Spain,Sevilla,16.25,9,0.0,146.25,8.065,1179.50625
10948-51,10948,GODOS,51,7,1998-03-13,1998,Spain,Sevilla,53.0,40,0.0,2120.0,8.065,17097.8
10948-55,10948,GODOS,55,6,1998-03-13,1998,Spain,Sevilla,24.0,4,0.0,96.0,8.065,774.24
10949-6,10949,BOTTM,6,2,1998-03-13,1998,Canada,Tsawassen,25.0,12,0.0,300.0,8.065,2419.5
10949-10,10949,BOTTM,10,8,1998-03-13,1998,Canada,Tsawassen,31.0,30,0.0,930.0,8.065,7500.45
10949-17,10949,BOTTM,17,6,1998-03-13,1998,Canada,Tsawassen,39.0,6,0.0,234.0,8.065,1887.2099999999998
10949-62,10949,BOTTM,62,3,1998-03-13,1998,Canada,Tsawassen,49.3,60,0.0,2958.0,8.065,23856.269999999997
10950-4,10950,MAGAA,4,2,1998-03-16,1998,Italy,Bergamo,22.0,5,0.0,110.0,8.065,887.15
10951-33,10951,RICSU,33,4,1998-03-16,1998,Switzerland,Genève,2.5,15,0.05,35.625,8.065,287.31562499999995
10951-41,10951,RICSU,41,8,1998-03-16,1998,Switzerland,Genève,9.65,6,0.05,55.005,8.065,443.615325
10951-75,10951,RICSU,75,1,1998-03-16,1998,Switzerland,Genève,7.75,50,0.05,368.125,8.065,2968.928125
10952-6,10952,ALFKI,6,2,1998-03-16,1998,Germany,Berlin,25.0,16,0.05,380.0,8.065,3064.7
10952-28,10952,ALFKI,28,7,1998-03-16,1998,Germany,Berlin,45.6,2,0.0,91.2,8.065,735.528
10953-20,10953,AROUT,20,3,1998-03-16,1998,UK,Colchester,81.0,50,0.05,3847.5,8.065,31030.087499999998
10953-31,10953,AROUT,31,4,1998-03-16,1998,UK,Colchester,12.5,50,0.05,593.75,8.065,4788.59375
10954-16,10954,LINOD,16,3,1998-03-17,1998,Venezuela,I. de Margarita,17.45,28,0.15,415.30999999999995,8.065,3349.4751499999993
10954-31,10954,LINOD,31,4,1998-03-17,1998,Venezuela,I. de Margarita,12.5,25,0.15,265.625,8.065,2142.265625
10954-45,10954,LINOD,45,8,1998-03-17,1998,Venezuela,I. de Margarita,9.5,30,0.0,285.0,8.065,2298.5249999999996
10954-60,10954,LINOD,60,4,1998-03-17,1998,Venezuela,I. de Margarita,34.0,24,0.15,693.6,8.065,5593.884
10955-75,10955,FOLKO,75,1,1998-03-17,1998,Sweden,Bräcke,7.75,12,0.2,74.4,8.065,600.0360000000001
10956-21,10956,BLAUS,21,3,1998-03-17,1998,Germany,Mannheim,10.0,12,0.0,120.0,8.065,967.8
10956-47,10956,BLAUS,47,3,1998-03-17,1998,Germany,Mannheim,9.5,14,0.0,133.0,8.065,1072.645
10956-51,10956,BLAUS,51,7,1998-03-17,1998,Germany,Mannheim,53.0,8,0.0,424.0,8.065,3419.56
10957-30,10957,HILAA,30,8,1998-03-18,1998,Venezuela,San Cristóbal,25.89,30,0.0,776.7,8.065,6264.0855
10957-35,10957,HILAA,35,1,1998-03-18,1998,Venezuela,San Cristóbal,18.0,40,0.0,720.0,8.065,5806.799999999999
10957-64,10957,HILAA,64,5,1998-03-18,1998,Venezuela,San Cristóbal,33.25,8,0.0,266.0,8.065,2145.29
10958-5,10958,OCEAN,5,2,1998-03-18,1998,Argentina,Buenos Aires,21.35,20,0.0,427.0,8.065,3443.7549999999997
10958-7,10958,OCEAN,7,7,1998-03-18,1998,Argentina,Buenos Aires,30.0,6,0.0,180.0,8.065,1451.6999999999998
10958-72,10958,OCEAN,72,4,1998-03-18,1998,Argentina,Buenos Aires,34.8,5,0.0,174.0,8.065,1403.31
10959-75,10959,GOURL,75,1,1998-03-18,1998,Brazil,Campinas,7.75,20,0.15,131.75,8.065,1062.56375
10960-24,10960,HILAA,24,1,1998-03-19,1998,Venezuela,San Cristóbal,4.5,10,0.25,33.75,8.065,272.19374999999997
10960-41,10960,HILAA,41,8,1998-03-19,1998,Venezuela,San Cristóbal,9.65,24,0.0,231.60000000000002,8.065,1867.854
10961-52,10961,QUEEN,52,5,1998-03-19,1998,Brazil,Sao Paulo,7.0,6,0.05,39.9,8.065,321.7935
10961-76,10961,QUEEN,76,1,1998-03-19,1998,Brazil,Sao Paulo,18.0,60,0.0,1080.0,8.065,8710.199999999999
10962-7,10962,QUICK,7,7,1998-03-19,1998,Germany,Cunewalde,30.0,45,0.0,1350.0,8.065,10887.75
10962-13,10962,QUICK,13,8,1998-03-19,1998,Germany,Cunewalde,6.0,77,0.0,462.0,8.065,3726.0299999999997
10962-53,10962,QUICK,53,6,1998-03-19,1998,Germany,Cunewalde,32.8,20,0.0,656.0,8.065,5290.639999999999
10962-69,10962,QUICK,69,4,1998-03-19,1998,Germany,Cunewalde,36.0,9,0.0,324.0,8.065,2613.06
10962-76,10962,QUICK,76,1,1998-03-19,1998,Germany,Cunewalde,18.0,44,0.0,792.0,8.065,6387.48
10963-60,10963,FURIB,60,4,1998-03-19,1998,Portugal,Lisboa,34.0,2,0.15,57.8,8.065,466.1569999999999
10964-18,10964,SPECD,18,8,1998-03-20,1998,France,Paris,62.5,6,0.0,375.0,8.065,3024.375
10964-38,10964,SPECD,38,1,1998-03-20,1998,France,Paris,263.5,5,0.0,1317.5,8.065,10625.637499999999
10964-69,10964,SPECD,69,4,1998-03-20,1998,France,Paris,36.0,10,0.0,360.0,8.065,2903.3999999999996
10965-51,10965,OLDWO,51,7,1998-03-20,1998,USA,Anchorage,53.0,16,0.0,848.0,8.065,6839.12
10966-37,10966,CHOPS,37,8,1998-03-20,1998,Switzerland,Bern,26.0,8,0.0,208.0,8.065,1677.52
10966-56,10966,CHOPS,56,5,1998-03-20,1998,Switzerland,Bern,38.0,12,0.15,387.59999999999997,8.065,3125.9939999999997
10966-62,10966,CHOPS,62,3,1998-03-20,1998,Switzerland,Bern,49.3,12,0.15,502.8599999999999,8.065,4055.565899999999
10967-19,10967,TOMSP,19,3,1998-03-23,1998,Germany,Münster,9.2,12,0.0,110.39999999999999,8.065,890.3759999999999
10967-49,10967,TOMSP,49,3,1998-03-23,1998,Germany,Münster,20.0,40,0.0,800.0,8.065,6452.0
10968-12,10968,ERNSH,12,4,1998-03-23,1998,Austria,Graz,38.0,30,0.0,1140.0,8.065,9194.099999999999
10968-24,10968,ERNSH,24,1,1998-03-23,1998,Austria,Graz,4.5,30,0.0,135.0,8.065,1088.7749999999999
10968-64,10968,ERNSH,64,5,1998-03-23,1998,Austria,Graz,33.25,4,0.0,133.0,8.065,1072.645
10969-46,10969,COMMI,46,8,1998-03-23,1998,Brazil,Sao Paulo,12.0,9,0.0,108.0,8.065,871.02
10970-52,10970,BOLID,52,5,1998-03-24,1998,Spain,Madrid,7.0,40,0.2,224.0,8.065,1806.56
10971-29,10971,FRANR,29,6,1998-03-24,1998,France,Nantes,123.79,14,0.0,1733.0600000000002,8.065,13977.1289
10972-17,10972,LACOR,17,6,1998-03-24,1998,France,Versailles,39.0,6,0.0,234.0,8.065,1887.2099999999998
10972-33,10972,LACOR,33,4,1998-03-24,1998,France,Versailles,2.5,7,0.0,17.5,8.065,141.1375
10973-26,10973,LACOR,26,3,1998-03-24,1998,France,Versailles,31.23,5,0.0,156.15,8.065,1259.3497499999999
10973-41,10973,LACOR,41,8,1998-03-24,1998,France,Versailles,9.65,6,0.0,57.900000000000006,8.065,466.9635
10973-75,10973,LACOR,75,1,1998-03-24,1998,France,Versailles,7.75,10,0.0,77.5,8.065,625.0374999999999
10974-63,10974,SPLIR,63,2,1998-03-25,1998,USA,Lander,43.9,10,0.0,439.0,8.065,3540.535
10975-8,10975,BOTTM,8,2,1998-03-25,1998,Canada,Tsawassen,40.0,16,0.0,640.0,8.065,5161.599999999999
10975-75,10975,BOTTM,75,1,1998-03-25,1998,Canada,Tsawassen,7.75,10,0.0,77.5,8.065,625.0374999999999
10976-28,10976,HILAA,28,7,1998-03-25,1998,Venezuela,San Cristóbal,45.6,20,0.0,912.0,8.065,7355.28
10977-39,10977,FOLKO,39,1,1998-03-26,1998,Sweden,Bräcke,18.0,30,0.0,540.0,8.065,4355.099999999999
10977-47,10977,FOLKO,47,3,1998-03-26,1998,Sweden,Bräcke,9.5,30,0.0,285.0,8.065,2298.5249999999996
10977-51,10977,FOLKO,51,7,1998-03-26,1998,Sweden,Bräcke,53.0,10,0.0,530.0,8.065,4274.45
10977-63,10977,FOLKO,63,2,1998-03-26,1998,Sweden,Bräcke,43.9,20,0.0,878.0,8.065,7081.07
10978-8,10978,MAISD,8,2,1998-03-26,1998,Belgium,Bruxelles,40.0,20,0.15,680.0,8.065,5484.2
10978-21,10978,MAISD,21,3,1998-03-26,1998,Belgium,Bruxelles,10.0,40,0.15,340.0,8.065,2742.1
10978-40,10978,MAISD,40,8,1998-03-26,1998,Belgium,Bruxelles,18.4,10,0.0,184.0,8.065,1483.9599999999998
10978-44,10978,MAISD,44,2,1998-03-26,1998,Belgium,Bruxelles,19.45,6,0.15,99.195,8.065,800.007675
10979-7,10979,ERNSH,7,7,1998-03-26,1998,Austria,Graz,30.0,18,0.0,540.0,8.065,4355.099999999999
10979-12,10979,ERNSH,12,4,1998-03-26,1998,Austria,Graz,38.0,20,0.0,760.0,8.065,6129.4
10979-24,10979,ERNSH,24,1,1998-03-26,1998,Austria,Graz,4.5,80,0.0,360.0,8.065,2903.3999999999996
10979-27,10979,ERNSH,27,3,1998-03-26,1998,Austria,Graz,43.9,30,0.0,1317.0,8.065,10621.605
10979-31,10979,ERNSH,31,4,1998-03-26,1998,Austria,Graz,12.5,24,0.0,300.0,8.065,2419.5
10979-63,10979,ERNSH,63,2,1998-03-26,1998,Austria,Graz,43.9,35,0.0,1536.5,8.065,12391.8725
10980-75,10980,FOLKO,75,1,1998-03-27,1998,Sweden,Bräcke,7.75,40,0.2,248.0,8.065,2000.12
10981-38,10981,HANAR,38,1,1998-03-27,1998,Brazil,Rio de Janeiro,263.5,60,0.0,15810.0,8.065,127507.65
10982-7,10982,BOTTM,7,7,1998-03-27,1998,Canada,Tsawassen,30.0,20,0.0,600.0,8.065,4839.0
10982-43,10982,BOTTM,43,1,1998-03-27,1998,Canada,Tsawassen,46.0,9,0.0,414.0,8.065,3338.91
10983-13,10983,SAVEA,13,8,1998-03-27,1998,USA,Boise,6.0,84,0.15,428.4,8.065,3455.046
10983-57,10983,SAVEA,57,5,1998-03-27,1998,USA,Boise,19.5,15,0.0,292.5,8.065,2359.0125
10984-16,10984,SAVEA,16,3,1998-03-30,1998,USA,Boise,17.45,55,0.0,959.75,8.065,7740.38375
10984-24,10984,SAVEA,24,1,1998-03-30,1998,USA,Boise,4.5,20,0.0,90.0,8.065,725.8499999999999
10984-36,10984,SAVEA,36,8,1998-03-30,1998,USA,Boise,19.0,40,0.0,760.0,8.065,6129.4
10985-16,10985,HUNGO,16,3,1998-03-30,1998,Ireland,Cork,17.45,36,0.1,565.38,8.065,4559.789699999999
10985-18,10985,HUNGO,18,8,1998-03-30,1998,Ireland,Cork,62.5,8,0.1,450.0,8.065,3629.25
10985-32,10985,HUNGO,32,4,1998-03-30,1998,Ireland,Cork,32.0,35,0.1,1008.0,8.065,8129.5199999999995
10986-11,10986,OCEAN,11,4,1998-03-30,1998,Argentina,Buenos Aires,21.0,30,0.0,630.0,8.065,5080.95
10986-20,10986,OCEAN,20,3,1998-03-30,1998,Argentina,Buenos Aires,81.0,15,0.0,1215.0,8.065,9798.974999999999
10986-76,10986,OCEAN,76,1,1998-03-30,1998,Argentina,Buenos Aires,18.0,10,0.0,180.0,8.065,1451.6999999999998
10986-77,10986,OCEAN,77,2,1998-03-30,1998,Argentina,Buenos Aires,13.0,15,0.0,195.0,8.065,1572.675
10987-7,10987,EASTC,7,7,1998-03-31,1998,UK,London,30.0,60,0.0,1800.0,8.065,14517.0
10987-43,10987,EASTC,43,1,1998-03-31,1998,UK,London,46.0,6,0.0,276.0,8.065,2225.94
10987-72,10987,EASTC,72,4,1998-03-31,1998,UK,London,34.8,20,0.0,696.0,8.065,5613.24
10988-7,10988,RATTC,7,7,1998-03-31,1998,USA,Albuquerque,30.0,60,0.0,1800.0,8.065,14517.0
10988-62,10988,RATTC,62,3,1998-03-31,1998,USA,Albuquerque,49.3,40,0.1,1774.8,8.065,14313.761999999999
10989-6,10989,QUEDE,6,2,1998-03-31,1998,Brazil,Rio de Janeiro,25.0,40,0.0,1000.0,8.065,8064.999999999999
10989-11,10989,QUEDE,11,4,1998-03-31,1998,Brazil,Rio de Janeiro,21.0,15,0.0,315.0,8.065,2540.475
10989-41,10989,QUEDE,41,8,1998-03-31,1998,Brazil,Rio de Janeiro,9.65,4,0.0,38.6,8.065,311.30899999999997
10990-21,10990,ERNSH,21,3,1998-04-01,1998,Austria,Graz,10.0,65,0.0,650.0,8.065,5242.25
10990-34,10990,ERNSH,34,1,1998-04-01,1998,Austria,Graz,14.0,60,0.15,714.0,8.065,5758.41
10990-55,10990,ERNSH,55,6,1998-04-01,1998,Austria,Graz,24.0,65,0.15,1326.0,8.065,10694.189999999999
10990-61,10990,ERNSH,61,2,1998-04-01,1998,Austria,Graz,28.5,66,0.15,1598.85,8.065,12894.725249999998
10991-2,10991,QUICK,2,1,1998-04-01,1998,Germany,Cunewalde,19.0,50,0.2,760.0,8.065,6129.4
10991-70,10991,QUICK,70,1,1998-04-01,1998,Germany,Cunewalde,15.0,20,0.2,240.0,8.065,1935.6
10991-76,10991,QUICK,76,1,1998-04-01,1998,Germany,Cunewalde,18.0,90,0.2,1296.0,8.065,10452.24
10992-72,10992,THEBI,72,4,1998-04-01,1998,USA,Portland,34.8,2,0.0,69.6,8.065,561.324
10993-29,10993,FOLKO,29,6,1998-04-01,1998,Sweden,Bräcke,123.79,50,0.25,4642.125,8.065,37438.738124999996
10993-41,10993,FOLKO,41,8,1998-04-01,1998,Sweden,Bräcke,9.65,35,0.25,253.3125,8.065,2042.9653125
10994-59,10994,VAFFE,59,4,1998-04-02,1998,Denmark,Århus,55.0,18,0.05,940.5,8.065,7585.1325
10995-51,10995,PERIC,51,7,1998-04-02,1998,Mexico,México D.F.,53.0,20,0.0,1060.0,8.065,8548.9
10995-60,10995,PERIC,60,4,1998-04-02,1998,Mexico,México D.F.,34.0,4,0.0,136.0,8.065,1096.84
10996-42,10996,QUICK,42,5,1998-04-02,1998,Germany,Cunewalde,14.0,40,0.0,560.0,8.065,4516.4
10997-32,10997,LILAS,32,4,1998-04-03,1998,Venezuela,Barquisimeto,32.0,50,0.0,1600.0,8.065,12904.0
10997-46,10997,LILAS,46,8,1998-04-03,1998,Venezuela,Barquisimeto,12.0,20,0.25,180.0,8.065,1451.6999999999998
10997-52,10997,LILAS,52,5,1998-04-03,1998,Venezuela,Barquisimeto,7.0,20,0.25,105.0,8.065,846.8249999999999
10998-24,10998,WOLZA,24,1,1998-04-03,1998,Poland,Warszawa,4.5,12,0.0,54.0,8.065,435.51
10998-61,10998,WOLZA,61,2,1998-04-03,1998,Poland,Warszawa,28.5,7,0.0,199.5,8.065,1608.9675
10998-74,10998,WOLZA,74,7,1998-04-03,1998,Poland,Warszawa,10.0,20,0.0,200.0,8.065,1613.0
10998-75,10998,WOLZA,75,1,1998-04-03,1998,Poland,Warszawa,7.75,30,0.0,232.5,8.065,1875.1125
10999-41,10999,OTTIK,41,8,1998-04-03,1998,Germany,Köln,9.65,20,0.05,183.35,8.065,1478.7177499999998
10999-51,10999,OTTIK,51,7,1998-04-03,1998,Germany,Köln,53.0,15,0.05,755.25,8.065,6091.0912499999995
10999-77,10999,OTTIK,77,2,1998-04-03,1998,Germany,Köln,13.0,21,0.05,259.34999999999997,8.065,2091.6577499999994
11000-4,11000,RATTC,4,2,1998-04-06,1998,USA,Albuquerque,22.0,25,0.25,412.5,8.065,3326.8125
11000-24,11000,RATTC,24,1,1998-04-06,1998,USA,Albuquerque,4.5,30,0.25,101.25,8.065,816.58125
11000-77,11000,RATTC,77,2,1998-04-06,1998,USA,Albuquerque,13.0,30,0.0,390.0,8.065,3145.35
11001-7,11001,FOLKO,7,7,1998-04-06,1998,Sweden,Bräcke,30.0,60,0.0,1800.0,8.065,14517.0
11001-22,11001,FOLKO,22,5,1998-04-06,1998,Sweden,Bräcke,21.0,25,0.0,525.0,8.065,4234.125
11001-46,11001,FOLKO,46,8,1998-04-06,1998,Sweden,Bräcke,12.0,25,0.0,300.0,8.065,2419.5
11001-55,11001,FOLKO,55,6,1998-04-06,1998,Sweden,Bräcke,24.0,6,0.0,144.0,8.065,1161.36
11002-13,11002,SAVEA,13,8,1998-04-06,1998,USA,Boise,6.0,56,0.0,336.0,8.065,2709.8399999999997
11002-35,11002,SAVEA,35,1,1998-04-06,1998,USA,Boise,18.0,15,0.15,229.5,8.065,1850.9174999999998
11002-42,11002,SAVEA,42,5,1998-04-06,1998,USA,Boise,14.0,24,0.15,285.59999999999997,8.065,2303.3639999999996
11002-55,11002,SAVEA,55,6,1998-04-06,1998,USA,Boise,24.0,40,0.0,960.0,8.065,7742.4
11003-1,11003,THECR,1,1,1998-04-06,1998,USA,Butte,18.0,4,0.0,72.0,8.065,580.68
11003-40,11003,THECR,40,8,1998-04-06,1998,USA,Butte,18.4,10,0.0,184.0,8.065,1483.9599999999998
11003-52,11003,THECR,52,5,1998-04-06,1998,USA,Butte,7.0,10,0.0,70.0,8.065,564.55
11004-26,11004,MAISD,26,3,1998-04-07,1998,Belgium,Bruxelles,31.23,6,0.0,187.38,8.065,1511.2196999999999
11004-76,11004,MAISD,76,1,1998-04-07,1998,Belgium,Bruxelles,18.0,6,0.0,108.0,8.065,871.02
11005-1,11005,WILMK,1,1,1998-04-07,1998,Finland,Helsinki,18.0,2,0.0,36.0,8.065,290.34
11005-59,11005,WILMK,59,4,1998-04-07,1998,Finland,Helsinki,55.0,10,0.0,550.0,8.065,4435.75
11006-1,11006,GREAL,1,1,1998-04-07,1998,USA,Eugene,18.0,8,0.0,144.0,8.065,1161.36
11006-29,11006,GREAL,29,6,1998-04-07,1998,USA,Eugene,123.79,2,0.25,185.685,8.065,1497.549525
11007-8,11007,PRINI,8,2,1998-04-08,1998,Portugal,Lisboa,40.0,30,0.0,1200.0,8.065,9678.0
11007-29,11007,PRINI,29,6,1998-04-08,1998,Portugal,Lisboa,123.79,10,0.0,1237.9,8.065,9983.6635
11007-42,11007,PRINI,42,5,1998-04-08,1998,Portugal,Lisboa,14.0,14,0.0,196.0,8.065,1580.74
11008-28,11008,ERNSH,28,7,1998-04-08,1998,Austria,Graz,45.6,70,0.05,3032.3999999999996,8.065,24456.305999999997
11008-34,11008,ERNSH,34,1,1998-04-08,1998,Austria,Graz,14.0,90,0.05,1197.0,8.065,9653.805
11008-71,11008,ERNSH,71,4,1998-04-08,1998,Austria,Graz,21.5,21,0.0,451.5,8.065,3641.3475
11009-24,11009,GODOS,24,1,1998-04-08,1998,Spain,Sevilla,4.5,12,0.0,54.0,8.065,435.51
11009-36,11009,GODOS,36,8,1998-04-08,1998,Spain,Sevilla,19.0,18,0.25,256.5,8.065,2068.6724999999997
11009-60,11009,GODOS,60,4,1998-04-08,1998,Spain,Sevilla,34.0,9,0.0,306.0,8.065,2467.89
11010-7,11010,REGGC,7,7,1998-04-09,1998,Italy,Reggio Emilia,30.0,20,0.0,600.0,8.065,4839.0
11010-24,11010,REGGC,24,1,1998-04-09,1998,Italy,Reggio Emilia,4.5,10,0.0,45.0,8.065,362.92499999999995
11011-58,11011,ALFKI,58,8,1998-04-09,1998,Germany,Berlin,13.25,40,0.05,503.5,8.065,4060.7275
11011-71,11011,ALFKI,71,4,1998-04-09,1998,Germany,Berlin,21.5,20,0.0,430.0,8.065,3467.95
11012-19,11012,FRANK,19,3,1998-04-09,1998,Germany,München,9.2,50,0.05,436.99999999999994,8.065,3524.4049999999993
11012-60,11012,FRANK,60,4,1998-04-09,1998,Germany,München,34.0,36,0.05,1162.8,8.065,9377.981999999998
11012-71,11012,FRANK,71,4,1998-04-09,1998,Germany,München,21.5,60,0.05,1225.5,8.065,9883.6575
11013-23,11013,ROMEY,23,5,1998-04-09,1998,Spain,Madrid,9.0,10,0.0,90.0,8.065,725.8499999999999
11013-42,11013,ROMEY,42,5,1998-04-09,1998,Spain,Madrid,14.0,4,0.0,56.0,8.065,451.64
11013-45,11013,ROMEY,45,8,1998-04-09,1998,Spain,Madrid,9.5,20,0.0,190.0,8.065,1532.35
11013-68,11013,ROMEY,68,3,1998-04-09,1998,Spain,Madrid,12.5,2,0.0,25.0,8.065,201.625
11014-41,11014,LINOD,41,8,1998-04-10,1998,Venezuela,I. de Margarita,9.65,28,0.1,243.18,8.065,1961.2467
11015-30,11015,SANTG,30,8,1998-04-10,1998,Norway,Stavern,25.89,15,0.0,388.35,8.065,3132.04275
11015-77,11015,SANTG,77,2,1998-04-10,1998,Norway,Stavern,13.0,18,0.0,234.0,8.065,1887.2099999999998
11016-31,11016,AROUT,31,4,1998-04-10,1998,UK,Colchester,12.5,15,0.0,187.5,8.065,1512.1875
11016-36,11016,AROUT,36,8,1998-04-10,1998,UK,Colchester,19.0,16,0.0,304.0,8.065,2451.7599999999998
11017-3,11017,ERNSH,3,2,1998-04-13,1998,Austria,Graz,10.0,25,0.0,250.0,8.065,2016.2499999999998
11017-59,11017,ERNSH,59,4,1998-04-13,1998,Austria,Graz,55.0,110,0.0,6050.0,8.065,48793.25
11017-70,11017,ERNSH,70,1,1998-04-13,1998,Austria,Graz,15.0,30,0.0,450.0,8.065,3629.25
11018-12,11018,LONEP,12,4,1998-04-13,1998,USA,Portland,38.0,20,0.0,760.0,8.065,6129.4
11018-18,11018,LONEP,18,8,1998-04-13,1998,USA,Portland,62.5,10,0.0,625.0,8.065,5040.625
11018-56,11018,LONEP,56,5,1998-04-13,1998,USA,Portland,38.0,5,0.0,190.0,8.065,1532.35
11019-46,11019,RANCH,46,8,1998-04-13,1998,Argentina,Buenos Aires,12.0,3,0.0,36.0,8.065,290.34
11019-49,11019,RANCH,49,3,1998-04-13,1998,Argentina,Buenos Aires,20.0,2,0.0,40.0,8.065,322.59999999999997
11020-10,11020,OTTIK,10,8,1998-04-14,1998,Germany,Köln,31.0,24,0.15,632.4,8.065,5100.306
11021-2,11021,QUICK,2,1,1998-04-14,1998,Germany,Cunewalde,19.0,11,0.25,156.75,8.065,1264.18875
11021-20,11021,QUICK,20,3,1998-04-14,1998,Germany,Cunewalde,81.0,15,0.0,1215.0,8.065,9798.974999999999
11021-26,11021,QUICK,26,3,1998-04-14,1998,Germany,Cunewalde,31.23,63,0.0,1967.49,8.065,15867.806849999999
11021-51,11021,QUICK,51,7,1998-04-14,1998,Germany,Cunewalde,53.0,44,0.25,1749.0,8.065,14105.685
11021-72,11021,QUICK,72,4,1998-04-14,1998,Germany,Cunewalde,34.8,35,0.0,1218.0,8.065,9823.17
11022-19,11022,HANAR,19,3,1998-04-14,1998,Brazil,Rio de Janeiro,9.2,35,0.0,322.0,8.065,2596.93
11022-69,11022,HANAR,69,4,1998-04-14,1998,Brazil,Rio de Janeiro,36.0,30,0.0,1080.0,8.065,8710.199999999999
11023-7,11023,BSBEV,7,7,1998-04-14,1998,UK,London,30.0,4,0.0,120.0,8.065,967.8
11023-43,11023,BSBEV,43,1,1998-04-14,1998,UK,London,46.0,30,0.0,1380.0,8.065,11129.699999999999
11024-26,11024,EASTC,26,3,1998-04-15,1998,UK,London,31.23,12,0.0,374.76,8.065,3022.4393999999998
11024-33,11024,EASTC,33,4,1998-04-15,1998,UK,London,2.5,30,0.0,75.0,8.065,604.875
11024-65,11024,EASTC,65,2,1998-04-15,1998,UK,London,21.05,21,0.0,442.05,8.065,3565.13325
11024-71,11024,EASTC,71,4,1998-04-15,1998,UK,London,21.5,50,0.0,1075.0,8.065,8669.875
11025-1,11025,WARTH,1,1,1998-04-15,1998,Finland,Oulu,18.0,10,0.1,162.0,8.065,1306.53
11025-13,11025,WARTH,13,8,1998-04-15,1998,Finland,Oulu,6.0,20,0.1,108.0,8.065,871.02
11026-18,11026,FRANS,18,8,1998-04-15,1998,Italy,Torino,62.5,8,0.0,500.0,8.065,4032.4999999999995
11026-51,11026,FRANS,51,7,1998-04-15,1998,Italy,Torino,53.0,10,0.0,530.0,8.065,4274.45
11027-24,11027,BOTTM,24,1,1998-04-16,1998,Canada,Tsawassen,4.5,30,0.25,101.25,8.065,816.58125
11027-62,11027,BOTTM,62,3,1998-04-16,1998,Canada,Tsawassen,49.3,21,0.25,776.4749999999999,8.065,6262.270874999999
11028-55,11028,KOENE,55,6,1998-04-16,1998,Germany,Brandenburg,24.0,35,0.0,840.0,8.065,6774.599999999999
11028-59,11028,KOENE,59,4,1998-04-16,1998,Germany,Brandenburg,55.0,24,0.0,1320.0,8.065,10645.8
11029-56,11029,CHOPS,56,5,1998-04-16,1998,Switzerland,Bern,38.0,20,0.0,760.0,8.065,6129.4
11029-63,11029,CHOPS,63,2,1998-04-16,1998,Switzerland,Bern,43.9,12,0.0,526.8,8.065,4248.642
11030-2,11030,SAVEA,2,1,1998-04-17,1998,USA,Boise,19.0,100,0.25,1425.0,8.065,11492.625
11030-5,11030,SAVEA,5,2,1998-04-17,1998,USA,Boise,21.35,70,0.0,1494.5,8.065,12053.1425
11030-29,11030,SAVEA,29,6,1998-04-17,1998,USA,Boise,123.79,60,0.25,5570.55,8.065,44926.48575
11030-59,11030,SAVEA,59,4,1998-04-17,1998,USA,Boise,55.0,100,0.25,4125.0,8.065,33268.125
11031-1,11031,SAVEA,1,1,1998-04-17,1998,USA,Boise,18.0,45,0.0,810.0,8.065,6532.65
11031-13,11031,SAVEA,13,8,1998-04-17,1998,USA,Boise,6.0,80,0.0,480.0,8.065,3871.2
11031-24,11031,SAVEA,24,1,1998-04-17,1998,USA,Boise,4.5,21,0.0,94.5,8.065,762.1424999999999
11031-64,11031,SAVEA,64,5,1998-04-17,1998,USA,Boise,33.25,20,0.0,665.0,8.065,5363.224999999999
11031-71,11031,SAVEA,71,4,1998-04-17,1998,USA,Boise,21.5,16,0.0,344.0,8.065,2774.3599999999997
11032-36,11032,WHITC,36,8,1998-04-17,1998,USA,Seattle,19.0,35,0.0,665.0,8.065,5363.224999999999
11032-38,11032,WHITC,38,1,1998-04-17,1998,USA,Seattle,263.5,25,0.0,6587.5,8.065,53128.1875
11032-59,11032,WHITC,59,4,1998-04-17,1998,USA,Seattle,55.0,30,0.0,1650.0,8.065,13307.25
11033-53,11033,RICSU,53,6,1998-04-17,1998,Switzerland,Genève,32.8,70,0.1,2066.4,8.065,16665.516
11033-69,11033,RICSU,69,4,1998-04-17,1998,Switzerland,Genève,36.0,36,0.1,1166.4,8.065,9407.016
11034-21,11034,OLDWO,21,3,1998-04-20,1998,USA,Anchorage,10.0,15,0.1,135.0,8.065,1088.7749999999999
11034-44,11034,OLDWO,44,2,1998-04-20,1998,USA,Anchorage,19.45,12,0.0,233.39999999999998,8.065,1882.3709999999996
11034-61,11034,OLDWO,61,2,1998-04-20,1998,USA,Anchorage,28.5,6,0.0,171.0,8.065,1379.115
11035-1,11035,SUPRD,1,1,1998-04-20,1998,Belgium,Charleroi,18.0,10,0.0,180.0,8.065,1451.6999999999998
11035-35,11035,SUPRD,35,1,1998-04-20,1998,Belgium,Charleroi,18.0,60,0.0,1080.0,8.065,8710.199999999999
11035-42,11035,SUPRD,42,5,1998-04-20,1998,Belgium,Charleroi,14.0,30,0.0,420.0,8.065,3387.2999999999997
11035-54,11035,SUPRD,54,6,1998-04-20,1998,Belgium,Charleroi,7.45,10,0.0,74.5,8.065,600.8425
11036-13,11036,DRACD,13,8,1998-04-20,1998,Germany,Aachen,6.0,7,0.0,42.0,8.065,338.72999999999996
11036-59,11036,DRACD,59,4,1998-04-20,1998,Germany,Aachen,55.0,30,0.0,1650.0,8.065,13307.25
11037-70,11037,GODOS,70,1,1998-04-21,1998,Spain,Sevilla,15.0,4,0.0,60.0,8.065,483.9
11038-40,11038,SUPRD,40,8,1998-04-21,1998,Belgium,Charleroi,18.4,5,0.2,73.60000000000001,8.065,593.5840000000001
11038-52,11038,SUPRD,52,5,1998-04-21,1998,Belgium,Charleroi,7.0,2,0.0,14.0,8.065,112.91
11038-71,11038,SUPRD,71,4,1998-04-21,1998,Belgium,Charleroi,21.5,30,0.0,645.0,8.065,5201.924999999999
11039-28,11039,LINOD,28,7,1998-04-21,1998,Venezuela,I. de Margarita,45.6,20,0.0,912.0,8.065,7355.28
11039-35,11039,LINOD,35,1,1998-04-21,1998,Venezuela,I. de Margarita,18.0,24,0.0,432.0,8.065,3484.08
11039-49,11039,LINOD,49,3,1998-04-21,1998,Venezuela,I. de Margarita,20.0,60,0.0,1200.0,8.065,9678.0
11039-57,11039,LINOD,57,5,1998-04-21,1998,Venezuela,I. de Margarita,19.5,28,0.0,546.0,8.065,4403.49
11040-21,11040,GREAL,21,3,1998-04-22,1998,USA,Eugene,10.0,20,0.0,200.0,8.065,1613.0
11041-2,11041,CHOPS,2,1,1998-04-22,1998,Switzerland,Bern,19.0,30,0.2,456.0,8.065,3677.64
11041-63,11041,CHOPS,63,2,1998-04-22,1998,Switzerland,Bern,43.9,30,0.0,1317.0,8.065,10621.605
11042-44,11042,COMMI,44,2,1998-04-22,1998,Brazil,Sao Paulo,19.45,15,0.0,291.75,8.065,2352.96375
11042-61,11042,COMMI,61,2,1998-04-22,1998,Brazil,Sao Paulo,28.5,4,0.0,114.0,8.065,919.41
11043-11,11043,SPECD,11,4,1998-04-22,1998,France,Paris,21.0,10,0.0,210.0,8.065,1693.6499999999999
11044-62,11044,WOLZA,62,3,1998-04-23,1998,Poland,Warszawa,49.3,12,0.0,591.5999999999999,8.065,4771.253999999999
11045-33,11045,BOTTM,33,4,1998-04-23,1998,Canada,Tsawassen,2.5,15,0.0,37.5,8.065,302.4375
11045-51,11045,BOTTM,51,7,1998-04-23,1998,Canada,Tsawassen,53.0,24,0.0,1272.0,8.065,10258.679999999998
11046-12,11046,WANDK,12,4,1998-04-23,1998,Germany,Stuttgart,38.0,20,0.05,722.0,8.065,5822.929999999999
11046-32,11046,WANDK,32,4,1998-04-23,1998,Germany,Stuttgart,32.0,15,0.05,456.0,8.065,3677.64
11046-35,11046,WANDK,35,1,1998-04-23,1998,Germany,Stuttgart,18.0,18,0.05,307.8,8.065,2482.407
11047-1,11047,EASTC,1,1,1998-04-24,1998,UK,London,18.0,25,0.25,337.5,8.065,2721.9375
11047-5,11047,EASTC,5,2,1998-04-24,1998,UK,London,21.35,30,0.25,480.375,8.065,3874.224375
11048-68,11048,BOTTM,68,3,1998-04-24,1998,Canada,Tsawassen,12.5,42,0.0,525.0,8.065,4234.125
11049-2,11049,GOURL,2,1,1998-04-24,1998,Brazil,Campinas,19.0,10,0.2,152.0,8.065,1225.8799999999999
11049-12,11049,GOURL,12,4,1998-04-24,1998,Brazil,Campinas,38.0,4,0.2,121.60000000000001,8.065,980.7040000000001
11050-76,11050,FOLKO,76,1,1998-04-27,1998,Sweden,Bräcke,18.0,50,0.1,810.0,8.065,6532.65
11051-24,11051,LAMAI,24,1,1998-04-27,1998,France,Toulouse,4.5,10,0.2,36.0,8.065,290.34
11052-43,11052,HANAR,43,1,1998-04-27,1998,Brazil,Rio de Janeiro,46.0,30,0.2,1104.0,8.065,8903.76
11052-61,11052,HANAR,61,2,1998-04-27,1998,Brazil,Rio de Janeiro,28.5,10,0.2,228.0,8.065,1838.82
11053-18,11053,PICCO,18,8,1998-04-27,1998,Austria,Salzburg,62.5,35,0.2,1750.0,8.065,14113.75
11053-32,11053,PICCO,32,4,1998-04-27,1998,Austria,Salzburg,32.0,20,0.0,640.0,8.065,5161.599999999999
11053-64,11053,PICCO,64,5,1998-04-27,1998,Austria,Salzburg,33.25,25,0.2,665.0,8.065,5363.224999999999
11054-33,11054,CACTU,33,4,1998-04-28,1998,Argentina,Buenos Aires,2.5,10,0.0,25.0,8.065,201.625
11054-67,11054,CACTU,67,1,1998-04-28,1998,Argentina,Buenos Aires,14.0,20,0.0,280.0,8.065,2258.2
11055-24,11055,HILAA,24,1,1998-04-28,1998,Venezuela,San Cristóbal,4.5,15,0.0,67.5,8.065,544.3874999999999
11055-25,11055,HILAA,25,3,1998-04-28,1998,Venezuela,San Cristóbal,14.0,15,0.0,210.0,8.065,1693.6499999999999
11055-51,11055,HILAA,51,7,1998-04-28,1998,Venezuela,San Cristóbal,53.0,20,0.0,1060.0,8.065,8548.9
11055-57,11055,HILAA,57,5,1998-04-28,1998,Venezuela,San Cristóbal,19.5,20,0.0,390.0,8.065,3145.35
11056-7,11056,EASTC,7,7,1998-04-28,1998,UK,London,30.0,40,0.0,1200.0,8.065,9678.0
11056-55,11056,EASTC,55,6,1998-04-28,1998,UK,London,24.0,35,0.0,840.0,8.065,6774.599999999999
11056-60,11056,EASTC,60,4,1998-04-28,1998,UK,London,34.0,50,0.0,1700.0,8.065,13710.5
11057-70,11057,NORTS,70,1,1998-04-29,1998,UK,London,15.0,3,0.0,45.0,8.065,362.92499999999995
11058-21,11058,BLAUS,21,3,1998-04-29,1998,Germany,Mannheim,10.0,3,0.0,30.0,8.065,241.95
11058-60,11058,BLAUS,60,4,1998-04-29,1998,Germany,Mannheim,34.0,21,0.0,714.0,8.065,5758.41
11058-61,11058,BLAUS,61,2,1998-04-29,1998,Germany,Mannheim,28.5,4,0.0,114.0,8.065,919.41
11059-13,11059,RICAR,13,8,1998-04-29,1998,Brazil,Rio de Janeiro,6.0,30,0.0,180.0,8.065,1451.6999999999998
11059-17,11059,RICAR,17,6,1998-04-29,1998,Brazil,Rio de Janeiro,39.0,12,0.0,468.0,8.065,3774.4199999999996
11059-60,11059,RICAR,60,4,1998-04-29,1998,Brazil,Rio de Janeiro,34.0,35,0.0,1190.0,8.065,9597.349999999999
11060-60,11060,FRANS,60,4,1998-04-30,1998,Italy,Torino,34.0,4,0.0,136.0,8.065,1096.84
11060-77,11060,FRANS,77,2,1998-04-30,1998,Italy,Torino,13.0,10,0.0,130.0,8.065,1048.45
11061-60,11061,GREAL,60,4,1998-04-30,1998,USA,Eugene,34.0,15,0.0,510.0,8.065,4113.15
11062-53,11062,REGGC,53,6,1998-04-30,1998,Italy,Reggio Emilia,32.8,10,0.2,262.40000000000003,8.065,2116.2560000000003
11062-70,11062,REGGC,70,1,1998-04-30,1998,Italy,Reggio Emilia,15.0,12,0.2,144.0,8.065,1161.36
11063-34,11063,HUNGO,34,1,1998-04-30,1998,Ireland,Cork,14.0,30,0.0,420.0,8.065,3387.2999999999997
11063-40,11063,HUNGO,40,8,1998-04-30,1998,Ireland,Cork,18.4,40,0.1,662.4,8.065,5342.255999999999
11063-41,11063,HUNGO,41,8,1998-04-30,1998,Ireland,Cork,9.65,30,0.1,260.55,8.065,2101.33575
11064-17,11064,SAVEA,17,6,1998-05-01,1998,USA,Boise,39.0,77,0.1,2702.7000000000003,8.065,21797.2755
11064-41,11064,SAVEA,41,8,1998-05-01,1998,USA,Boise,9.65,12,0.0,115.80000000000001,8.065,933.927
11064-53,11064,SAVEA,53,6,1998-05-01,1998,USA,Boise,32.8,25,0.1,737.9999999999999,8.065,5951.969999999998
11064-55,11064,SAVEA,55,6,1998-05-01,1998,USA,Boise,24.0,4,0.1,86.4,8.065,696.816
11064-68,11064,SAVEA,68,3,1998-05-01,1998,USA,Boise,12.5,55,0.0,687.5,8.065,5544.6875
11065-30,11065,LILAS,30,8,1998-05-01,1998,Venezuela,Barquisimeto,25.89,4,0.25,77.67,8.065,626.40855
11065-54,11065,LILAS,54,6,1998-05-01,1998,Venezuela,Barquisimeto,7.45,20,0.25,111.75,8.065,901.26375
11066-16,11066,WHITC,16,3,1998-05-01,1998,USA,Seattle,17.45,3,0.0,52.349999999999994,8.065,422.2027499999999
11066-19,11066,WHITC,19,3,1998-05-01,1998,USA,Seattle,9.2,42,0.0,386.4,8.065,3116.316
11066-34,11066,WHITC,34,1,1998-05-01,1998,USA,Seattle,14.0,35,0.0,490.0,8.065,3951.85
11067-41,11067,DRACD,41,8,1998-05-04,1998,Germany,Aachen,9.65,9,0.0,86.85000000000001,8.065,700.44525
11068-28,11068,QUEEN,28,7,1998-05-04,1998,Brazil,Sao Paulo,45.6,8,0.15,310.08,8.065,2500.7951999999996
11068-43,11068,QUEEN,43,1,1998-05-04,1998,Brazil,Sao Paulo,46.0,36,0.15,1407.6,8.065,11352.293999999998
11068-77,11068,QUEEN,77,2,1998-05-04,1998,Brazil,Sao Paulo,13.0,28,0.15,309.4,8.065,2495.3109999999997
11069-39,11069,TORTU,39,1,1998-05-04,1998,Mexico,México D.F.,18.0,20,0.0,360.0,8.065,2903.3999999999996
11070-1,11070,LEHMS,1,1,1998-05-05,1998,Germany,Frankfurt a.M.,18.0,40,0.15,612.0,8.065,4935.78
11070-2,11070,LEHMS,2,1,1998-05-05,1998,Germany,Frankfurt a.M.,19.0,20,0.15,323.0,8.065,2604.995
11070-16,11070,LEHMS,16,3,1998-05-05,1998,Germany,Frankfurt a.M.,17.45,30,0.15,444.97499999999997,8.065,3588.7233749999996
11070-31,11070,LEHMS,31,4,1998-05-05,1998,Germany,Frankfurt a.M.,12.5,20,0.0,250.0,8.065,2016.2499999999998
11071-7,11071,LILAS,7,7,1998-05-05,1998,Venezuela,Barquisimeto,30.0,15,0.05,427.5,8.065,3447.7875
11071-13,11071,LILAS,13,8,1998-05-05,1998,Venezuela,Barquisimeto,6.0,10,0.05,57.0,8.065,459.705
11072-2,11072,ERNSH,2,1,1998-05-05,1998,Austria,Graz,19.0,8,0.0,152.0,8.065,1225.8799999999999
11072-41,11072,ERNSH,41,8,1998-05-05,1998,Austria,Graz,9.65,40,0.0,386.0,8.065,3113.0899999999997
11072-50,11072,ERNSH,50,3,1998-05-05,1998,Austria,Graz,16.25,22,0.0,357.5,8.065,2883.2374999999997
11072-64,11072,ERNSH,64,5,1998-05-05,1998,Austria,Graz,33.25,130,0.0,4322.5,8.065,34860.9625
11073-11,11073,PERIC,11,4,1998-05-05,1998,Mexico,México D.F.,21.0,10,0.0,210.0,8.065,1693.6499999999999
11073-24,11073,PERIC,24,1,1998-05-05,1998,Mexico,México D.F.,4.5,20,0.0,90.0,8.065,725.8499999999999
11074-16,11074,SIMOB,16,3,1998-05-06,1998,Denmark,Kobenhavn,17.45,14,0.05,232.08499999999998,8.065,1871.7655249999998
11075-2,11075,RICSU,2,1,1998-05-06,1998,Switzerland,Genève,19.0,10,0.15,161.5,8.065,1302.4975
11075-46,11075,RICSU,46,8,1998-05-06,1998,Switzerland,Genève,12.0,30,0.15,306.0,8.065,2467.89
11075-76,11075,RICSU,76,1,1998-05-06,1998,Switzerland,Genève,18.0,2,0.15,30.599999999999998,8.065,246.78899999999996
11076-6,11076,BONAP,6,2,1998-05-06,1998,France,Marseille,25.0,20,0.25,375.0,8.065,3024.375
11076-14,11076,BONAP,14,7,1998-05-06,1998,France,Marseille,23.25,20,0.25,348.75,8.065,2812.66875
11076-19,11076,BONAP,19,3,1998-05-06,1998,France,Marseille,9.2,10,0.25,69.0,8.065,556.485
11077-2,11077,RATTC,2,1,1998-05-06,1998,USA,Albuquerque,19.0,24,0.2,364.8,8.065,2942.112
11077-3,11077,RATTC,3,2,1998-05-06,1998,USA,Albuquerque,10.0,4,0.0,40.0,8.065,322.59999999999997
11077-4,11077,RATTC,4,2,1998-05-06,1998,USA,Albuquerque,22.0,1,0.0,22.0,8.065,177.42999999999998
11077-6,11077,RATTC,6,2,1998-05-06,1998,USA,Albuquerque,25.0,1,0.02,24.5,8.065,197.5925
11077-7,11077,RATTC,7,7,1998-05-06,1998,USA,Albuquerque,30.0,1,0.05,28.5,8.065,229.8525
11077-8,11077,RATTC,8,2,1998-05-06,1998,USA,Albuquerque,40.0,2,0.1,72.0,8.065,580.68
11077-10,11077,RATTC,10,8,1998-05-06,1998,USA,Albuquerque,31.0,1,0.0,31.0,8.065,250.015
11077-12,11077,RATTC,12,4,1998-05-06,1998,USA,Albuquerque,38.0,2,0.05,72.2,8.065,582.293
11077-13,11077,RATTC,13,8,1998-05-06,1998,USA,Albuquerque,6.0,4,0.0,24.0,8.065,193.56
11077-14,11077,RATTC,14,7,1998-05-06,1998,USA,Albuquerque,23.25,1,0.03,22.5525,8.065,181.8859125
11077-16,11077,RATTC,16,3,1998-05-06,1998,USA,Albuquerque,17.45,2,0.03,33.852999999999994,8.065,273.02444499999996
11077-20,11077,RATTC,20,3,1998-05-06,1998,USA,Albuquerque,81.0,1,0.04,77.75999999999999,8.065,627.1343999999999
11077-23,11077,RATTC,23,5,1998-05-06,1998,USA,Albuquerque,9.0,2,0.0,18.0,8.065,145.17
11077-32,11077,RATTC,32,4,1998-05-06,1998,USA,Albuquerque,32.0,1,0.0,32.0,8.065,258.08
11077-39,11077,RATTC,39,1,1998-05-06,1998,USA,Albuquerque,18.0,2,0.05,34.199999999999996,8.065,275.8229999999999
11077-41,11077,RATTC,41,8,1998-05-06,1998,USA,Albuquerque,9.65,3,0.0,28.950000000000003,8.065,233.48175
11077-46,11077,RATTC,46,8,1998-05-06,1998,USA,Albuquerque,12.0,3,0.02,35.28,8.065,284.53319999999997
11077-52,11077,RATTC,52,5,1998-05-06,1998,USA,Albuquerque,7.0,2,0.0,14.0,8.065,112.91
11077-55,11077,RATTC,55,6,1998-05-06,1998,USA,Albuquerque,24.0,2,0.0,48.0,8.065,387.12
11077-60,11077,RATTC,60,4,1998-05-06,1998,USA,Albuquerque,34.0,2,0.06,63.919999999999995,8.065,515.5147999999999
11077-64,11077,RATTC,64,5,1998-05-06,1998,USA,Albuquerque,33.25,2,0.03,64.505,8.065,520.2328249999999
11077-66,11077,RATTC,66,2,1998-05-06,1998,USA,Albuquerque,17.0,1,0.0,17.0,8.065,137.105
11077-73,11077,RATTC,73,8,1998-05-06,1998,USA,Albuquerque,15.0,2,0.01,29.7,8.065,239.5305
11077-75,11077,RATTC,75,1,1998-05-06,1998,USA,Albuquerque,7.75,4,0.0,31.0,8.065,250.015
11077-77,11077,RATTC,77,2,1998-05-06,1998,USA,Albuquerque,13.0,2,0.0,26.0,8.065,209.69
